Ping,Mark,Tom
Macquarie Electronics,15Five,Association House of Chicago
MakerBot Industries,Game Changer Sales,TechCrunch and Engadget
Andela,HealPros,Yamaha Motor Ventures & Laboratory Silicon Valley
,eTeam Executive Search,Amazon
TD Ameritrade,Sales6ix,
MakerBot¨,Sonian,Yahoo!
Upwork,The Business Backer,Peel
Lam Research,MediaTek Inc.,TeamStreamz
Sakya Monastery of Tibetan Buddhism,ArgoMetrix,"Cellfire, A Catalina Company"
Andela,Nu Skin Enterprises,Self employed
MakerBot¨,Sarbanes-Oxley/Governance-Risk-Compliance Group,
Entrata,Novantas,
Andela,Harvard Business Publishing,Amway
"Vulcan, Inc.",Various Boards,Copywriter/Editor
"The Bridge Group, Inc.",QR LifeSupport,Sprint Accelerator.
Apple Inc.,Gensler,NerdWallet
"NBCUniversal Media, LLC",Myriad Supply,CondŽ Nast
Arcam AB,Sakya Monastery of Tibetan Buddhism,ELBTV GmbH
Andela,Buoyant Capital,quip.
"Netspectrum Communication Systems, Inc.",Psynet Group,
"Perch Interactive, Inc",Cloudsoft Corporation,Edmunds.com
PR Synergy Plus,Google,Everlane
littleBits,Entrepreneur Media,Yeegr Ltd.
VicenziLaw.com,"Mobiquity, Inc.",Google
traind.net,Stratasys,Shoppable¨
Carmera,littleBits,Bionic Solution
,Urban Montessori Charter School,Self  Employed
J3D,"Maxons Restorations, Inc.",
Macquarie Electronics,YPO - Young Presidents' Organization,Sensai Corporation
MindMeld (formerly Expect Labs),JP Morgan Chase,Pandora
Private Strategy Consultant,Susan B. Levy Consulting,Andela
BetterWorks,Endai,The Wall Street Journal
OptumInsight (A-Life Medical),Harvard Business School,Yext
"Salnikoff & Partners, LLC.",Rock Properties,LocalBanya
Sandler Training - Sales Strategy Corp. NYC,String Real Est Info Services,Brianne Garcia Co
"Tory Ventures, LLC",Predict,Kontor
home,Emerging Media Inc.,Betterment
"Voodoo Manufacturing, Inc.",Recon Ventures,Google
Conde Nast,Sports Systems,Mobext (Havas Media Group)
Sales Development Meetup,GoRion (formerly Litigation Guard),Launch Tennessee
Pitney Bowes,Medical Imaging Specialists,
ASML,"TrustCloud, Inc.",Sociality Squared
Stratasys,Verizon,HappyRageDino LLC
MSCI Inc.,Accelerance,MailTime Inc.
The Wirecutter,University of Louisville,MaestroIQ
Addon Marketing Services GmbH,"3D Printing Channel, Association of 3D Printing",Engadget
Applied Materials,Two Sigma Investments,University of Chicago Booth School of Business
Leadas Business Advisors,"Hoffman Industries, LLC",Prudential Douglas Elliman
"Computer Market Research, Ltd.",Great Ecology,Morgan Stanley / Mitsubishi UFJ Morgan Stanley Securities
Storyful,Empact - Entrepreneurial Impact,ActiveProtective
"AM Technical Solutions, Inc",Deloitte & Touche LLP,MarketBridge
Consultant,Voksel,iinside
Deloitte,MakerBot Industries,Concentric Equity Partners
MakerBot¨,Internal Business Consulting,OpenMarket
,Entrepreneur Media,Unique Sound
3DSHOOK,Write2Market,Scalar Analytics
Macquarie Group,Bombora,Alex Utay Music
Real Capital Analytics,Alumni Forum Services,Jonas Paul Eyewear
KeepCoding,"G-17 Holdings, LLC",Medialets
Double Robotics,RoboUniverse,Scripps Networks Interactive
Andela,"Critical Metrics, LLC",Food Book Fair
Team Theory (teamtheory.co),"BlastAsia, Inc.",Sensibill Inc.
,The Lloyd Group,"ULURU.CO.,LTD."
Medialets,STATLINX,Freelance
"Good Yeti, LLC",OppenheimerFunds,AppLift
Center for the Advancement of Science In Space (CASIS),,Orpiva Ltd
D-Link,Grizzly Bags,Ruder Finn
littleBits,"The Bridge Group, Inc.",TheMuse.com
BASF,Maker Media,International Truck and Engine Corporation
MakerBot Industries,Emerging Media Inc.,Millward Brown Digital
Renaissance Macro Research,Transcend 3D,Imperial Sugar Company
Double Robotics,Lean Day Events,Backcountry.com
UC San Diego,L'Anse Manufacturing Inc,Institutional Consultants
Demandware,MJS Executive Search,Metro Behavioral Health Associates
salesforce.com,"popexpert, inc",Bootstrap Media
serkoart¨,Rosica Communications,DigitalOcean
eponym,eveloxia srl,Knotable
,BentonWebs,WME Venture Partners
HS Ad USA / LG Electronics,VicenziLaw.com,aKoma
Macquarie Equipment Finance,Consultant,
Macquarie Equipment Trading,iGo3D GmbH,Applied Marketing Analytics
Startup Sales Bootcamp,HeirSafe,Truly Social Inc.
ServiceWise,Huron Consulting Group,Croissant
Knewton,Kingsoft Office Software Corporation Limited,Kaltura
Benny,eSommelier,WorkWave
Macquarie Bank,The Mine,Pivot Six (formerly Bird + Owl)
RF Capital,Hullabalu,"A*STAR - Agency for Science, Technology and Research"
CloserIQ,Sandler Training - Sales Strategy Corp. NYC,Snapchat
Stratasys,"Tory Ventures, LLC",North America or Europe
Publicis,Corporate Suites Business Centers,Zomato (formerly Urbanspoon)
B&H Photo Video,"EquipSystems, LLC",Somewhere Collaborative Media Ltd
Court Square Law Project,Bloom Real Estate Group LLC,????Media Shakers
American Express Corporate Payments,Hill Country Barbecue,Airbnb.com
Australian Women in New York (AWNY),"Gorann, Inc",Global Capital Finance
Makerbot Industries,"Horsesmouth, LLC",33Across Inc.
Insensi,WOW 1 DAY PAINTING,CBS Interactive
ClassOne Technology,daasKnowledge,PlayRaven
Macquarie Bank,DTS Service,G2 Studio Creative Workshop - China
new chapter,sweetriot,The Boston Consulting Group
MakerBot¨,MatterCompilers,"Gracenote, A Tribune Company"
Tata Capital Financial Services Limited,New York Foundling,"UNITED, Inc."
The New York Review of Books,Lumen Legal,Ve Interactive
,"GloryGirl, www.gomymo.com, Omnia",Consultant
Salesforce,"Electrograph Systems, Inc.",
Turtle Creations,Soekris,
Fleisher's Craft Butchery,,Fundera
Publicis,"Intellectual Capital Services, Inc.",AOL Platforms
Freelance,CreationsBox.com,1 (1Atelier.com)
Macquarie Group,Scout Ventures,ENJOY Inc.
,netTALK.com (OTCBB: NTLK),American Association of Advertising Agencies
Stratasys,Technology Startups,Everyday Health Inc.
"Keri Confections, LLC",Various Companies,"Boullevard Creatives, LLC"
Everything But The House,CouchLock,Flix
the University of Texas at Arlington,Eastern Bank,Morgan McKinley
PublicisNA,"Star Mountain Capital, LLC",Bowery Capital
MakerBot¨,"Leadership Search Partners, Inc.",Pearson China
Andela,"Gazelles, Inc.",ServiceSource
Cultura,"KBL, LLP Certified Public Accountants",Singular Labs
Stratasys,Wintertainment / Transformative,Vertic
Vestlynx,Vanguard,L'Occitane en Provence
Axiom,Swift Kick,"xAd, Inc"
Panasonic Europe,Opinionage,iQuest Partners
Salesforce,Stratasys,Gigameet.com
"BL Enterprises, Inc.",OnRamp Digital,Appular Mobile App PR & Marketing
InLifeNow,DaVinci Institute,Unified
Verizon,PR Synergy Plus,Greylock Partners
UC San Diego,"Crabtree, Rowe & Berger, PC",Steampunkt Collaborative
Clearline Capital,Walmart eCommerce,STARBUCK EQUESTRIAN LLC
MakerBot¨,Instinet Pacific Ltd,Gilt.com
Wells Fargo,"JesseJames Creative, Inc.",Simply Curated
ASML,Law Office of William E. OBrien,Cabrinha
Washington State University,Consider it Done!,Pandora
US Army,Carmera,FreeAgent Central
MakerBot¨,Dave Partners,Grand Cru Ltd
Grovo,Acceleration,CBS Interactive
Northwestern University,PVBLIC Foundation,Skimlinks
,True.,Capital One
littleBits,Nadine Johnson Inc.,bmgzstrategies
MakerBot¨,TonerImaging,Moxie Communications Group
Ajax Union Inc,UnifiedPractice,The Wall Street Journal
Venture Development Center at UMass Boston,"Channeltivity, LLC",Heal - House call doctors for adults and kids
"Director, Engineering",Belmont Media,Timekit
"Datto, Inc.",Antalis International,Team Builder Ventures
,"Scorecard Systems, Inc",Kabuku Inc.
Andela,Nexidia,YouTube
New York Life Insurance Company,The Hendrickson Group,Learn Capital
MakerBot¨,"Greenhouse Software, Inc.",Sultan Interactive
JLI Design,,InnovAccer
Salesforce.com,,Datorama
Andela,Brooklyn Public Library,AIF Capital
Andela,"SCO Cloud, LLC",
"Mobile Enterprises, Inc.",,Boxed Wholesale
"ClassOne Equipment, Inc.",PVBLIC Foundation,Business Insider
littleBits,Andela,SessionM
Madwell,CloudFactory,Nanigans
MakerBot¨,RDS Delivery Service,Ansible Mobile
Macquarie Electronics,Microsoft,Credit Suisse
re:3D,Audience Ventures,BlackRock
Boston University,American Federal Bank,Facebook
Christie's,Heidrick & Struggles,
Sprinklr,ZogSports,"Zwipe, A.S."
"Mitsubishi UFJ Lease and Finance (USA), Inc",BCG Digital Ventures,Aera Foundation
Birchbox,,360i
The New School,Numerix,
ServiceWise,The Zebra,Grand Central Tech
MakerBot¨,Primary Support Solutions,Nerdist Industries (Acquired by Legendary Pictures)
eLearning Mind,Integrated Sales Solutions,Pamper Inc.
Human Kinetics PTE. LTD.,Plyfe,Greenberg Traurig
MediSys Health Network,Pereg Ventures,TES Global Limited
,Planwise,Wyndham Hotel Group
,Future Energy,Various
AREA 17,Convertant - Insights that Grow Results,Media Leaders
Dream So Much,Bitdefender,HackerOne
JA Mitsui Leasing Ltd,,
Local Projects,Jasmine Universe LLC,Grupo Guayac‡n
Goldman Sachs,InnoviMobile,Stevens Institute of Technology
Angel Investor,Appirio,Bankable Frontier Associates
Summit Equipment Disposition Corp.,J3D,First Solar
IMBU Technologies,Havas Media,Hitlist
littleBits,"Accelerance, Inc.",LendingFront
BISANG Corporation,C/T Marketing,FOSTER OIL & ENERGY
Peloton Cycle,Creative Channel Services (Omnicom),Startup Leadership Program
"TXS GmbH, Hamburg",3D TV Startup,Procter & Gamble
Macquarie Bank,3D Printing Center Israel,Harvard University
Stratasys,Seperia,
MakerBot¨,"theONswitch, LLC",Specialty Minerals Inc.
MakerBot¨,Sales Development Meetup,Service Technologies Inc
Allstate,LD Consulting,GEP Worldwide
Madwell,"Solidscape, Inc.",Delivr
CHG-MERIDIAN,Pfizer,Hopesun Capital
,TECHEXPO Top Secret / Cyber Security Summit / EXPO International,Quantgene
Center for Law and Social Policy,"Bruce Pinker, DPM, P.C./Progressive Foot Care",TechCrunch
salesforce.com,EMC,Forbes
Stratasys,Semele LLC,Twitter
MediaMath,"John Snow, Inc. (JSI)",Palo Alto Research Center
MakerBot¨,Leadas Business Advisors,Albright Stonebridge Group
SurplusGLOBAL,Craft Worldwide,Adapt Worldwide
Expertech,Nexus Global Youth Summit,WeatherBug by Earth Networks
MakerBot¨,"TEQ Research, LLC",The Coca-Cola Company
SunPower Corporation,Lounge Lizard - Web Design Company and Mobile App Developers,Beam Suntory
United States Soccer Federation,Pulse Secure,UniCredit
Autodesk,Brundage Associates,Apple
MakerBot¨,"Catalyst, a WPP Agency",Pico Pixel
General Assembly,Emercury,MobiTrack
Andela,Fit4D,Singular
Kid Planet Daycare,"StratX IT Solutions, LLC",AlphaFlow
,NYU,Edaole
Macquarie/Investment Bank,Winston Staffing,Capital One Labs
Macquarie Equipment Finance,"Fortune Personnel Consultants/Lexington, MA (781.301.5000 x116)",HYFN
"Cargomatic, Inc.",Shell Education,MobilityWare
PepsiCo,EMC,AgilOne
TheMuse.com,Rubicon Project,
viagogo,MakerBot®,Duolingo
SICIS The Art Mosaic Factory,"Inc., Forbes, Success, Fast Company, Mint.com, The Muse",Imagination
Macquarie Bank,Opad,Ogora
Twist Film,Telelogic,Google
Madwell,FSAstore.com,MetLife
"MakerBot Industries, LLC",CrowdComfort,McCann
Stay at home dad,Babson College,Men's Health/Menshealth.com
ASUG - Americas' SAP Users' Group,Citigroup,CodeREADr
,"MPG Services, Inc.",PageFair
TheBooksTheyGaveMe.com,Stratasys,Adadyn
Moat,"New England Investment Properties, Inc.",FlyCleaners
Macquarie Bank,Robin Cole Recruiting,Control Risks
MakerBot¨,Contently,The Barbarian Group
Hasbro,Vidyasa Inc.,World Series of Fighting
MakerBot¨,Hilary Topper Blog and A Triathlete's Diary,Pharosmark
,Merkle,Move Think Smile
MakerBot¨,Spotify,Z-Media
New York Genome Center,Consequence [Strategy],ESPN APAC
"Axial Networks, Inc.",hughmorgan consulting,Johns Hopkins University School of Nursing
The Flatiron School,Medically Retired,Capital One
Motorola Solutions,Medallia,Aon Hewitt Investment Consulting
3D Systems Corporation,Marketplace Real Estate Group,Bouxtie Inc.
Macquarie Equipment Trading,Slice Managed Solutions,adjust.com
Macquarie Bank,Micro Focus,Google
"Macquarie Equipment Finance, LLC","One Hen, Inc.",LinkedIn
MakerBot¨,Belpointe Asset Management LLC,Hickory
MakerBot¨,G/O Digital,Yahoo!
Stratasys,Answers,PicsArt Photo Studio
MakerBot¨,"Total Information, Inc.",Goldman Sachs
Stratasys,Wicked Start,Instacart
Salesforce,,Morgan Stanley
MakerBot¨,VideoWAN,1stdibs.com
Creative Cove Games,BSN Group,Kargo
Ray Enterprises Inc.,,
MakerBot¨,The New Group,"PricewaterhouseCoopers Co., Ltd."
MakerBot¨,AIG,Stein IAS
Zions Pty Limited,Zedak Corp.,Google
South Street Designs LLC,MINIMAL (MNML),Level
MoMA PS1,Scrubs & Beyond,ThomasNet
LinkedIn,Automation Engineering Inc. (AEi),www.aroraprince.com
MakerBot¨ Europe,Tommy Hilfiger,DG Incubation
Makerbot Industries,Stratasys,Independent
MakerBot¨,Bureau Blank,UserTesting
"Greenhouse Software, Inc.",Park Strategy LLC,JNJ Mobile (www.MocoSpace.com)
,Independent Consultant (self-employed),Arivale
,The A Team Outsourcing,Credit Karma
,PwC Consulting,Scripps Networks Interactive Inc.
"North Shore-LIJ CareConnect Insurance Company, Inc.",Entrepreneurs' Organization,Meritage Funds
Esker Inc,CollaborativeHealth,MRM//McCann
Macquarie Equipment Finance Inc.,Instinet Incorporated,Consumer Reports
3Doodler,WhiteFox Marketing and Communications,National Basketball Association
Makerbot Industries,IF Studio,Opentopic
"LaunchPack, LLC",Green Light National,Localytics
MakerBot¨,UCB,Blue Apron
Cymer,Jabra,
MakerBot¨,"QFX, Inc.",IAB
Greenway Metal Recycling,Amazon,Rokid
American Airlines,,Armillary Ltd
Andela,Materialise,CafeMedia
Augment,Dell,DST Systems
Self Employed,"Assessment Innovation, Inc.",Galvanize Inc
MakerBot¨,3DPrinterOS,Stripe
MakerBot,The Innovation Garage®,TAP
,VB Porter & Company,NYU-Poly
Denholm Associates,Trendalytics,7sols
Yesware,Accenture,Twitter
Manulith,Perficency - a national sales coaching organization,Facebook
"Crius Energy, LLC",Armarko Inc.,"Ziff Davis, Inc."
Makerbot Industries,Paragon Uniform & Apparel,Lost Catª
VaynerMedia,Thrive- Grow and flourish in the digital era,Sprinklr
Stratasys,The Flora Group,PluggedIn BD
Salsify,"Voodoo Manufacturing, Inc.",Sprinklr
TheMuse.com,Havas Formula,Tyson Foods
"ToutApp, Inc.","New Relic, Inc.",Beanstalk Ventures
MakerBot¨,Perception Group,Sinch
,Dell,Advance Local
P.T. Sinar Tambang Arthalestari,Utah Alarm & Security,Sports Illustrated
IBM,Strategies for Wealth,"NBCUniversal, Inc."
MakerBot¨,Neiman Marcus,Brewster Inc
MakerBot¨,Addon Marketing Services GmbH,Adaptly
Andela,Silver Lining Ltd,MOOD2016-transatlantic media&digital disruption think tank - Massive Open Online Disruption/Debate
eLearning Mind,Blake Studios,Microsoft
Voxy,Peoplefluent,Starbucks
MakerBot¨,Microsoft,Story Worldwide
littleBits,Salvage Communications,"Snapchat, Inc."
Casper,Ovation In-Store,Resonate
Stack Overflow,True.,Silicon Allie
MakerBot¨,Gaucher & Associates Inc.,Premier Roofing Company
BitTitan,Spark Marketing,American Airlines
,Creative Tools AB - www.creativetools.se,MEC
littleBits,Dale Carnegie,Yieldmo
Carmera,4PM Events,Telef—nica
Andela,Freelancing,Kinvey
littleBits,Innovation Bound,Tapjoy
MakerBot¨,"ECS Business Solutions, Inc.",byyd
Macquarie Group,Abrahamsen Financial Group,First Round Capital
"Design Communications, Ltd. (DCL)",Boone International Programs,PlanGrid
Peloton Cycle,Andela,Orbotix
Loews Hotels,"NextWorth Solutions, Inc.",LinkedIn
MakerBot¨,Information Builders,Bracket Computing
,HERE (formerly NAVTEQ),eBay
RFA,Patchwork.co,Code Morris Omnimedia
Stack Overflow,Dyn,The University of Chicago
MakerBot¨,FirstService Residential,eHighlighter
,Invicta Insurance Services Ltd,MongoDB
Stratasys Direct Manufacturing,VOESH Corporation,Honeywell Performance Materials & Technologies
Deloitte Tax,"Netspectrum Communication Systems, Inc.",Ramius LLC
Fourth Ave ENT,POS.com,zeotap
MakerBot¨,Strottman International,PulsePoint
MakerBot¨,Precision Document Solutions,
,Freshly Inc.,Instapour
Andela,The Africa-America Institute (AAI),MatahariMall.com
MakerBot¨,NRCP LLC,Animoto
"Group Source Technology Co.LTD,","Cracking Good, LLC",IRI
Rumble Fox LLC,,Visible World
Intersection Co.,Axiom,Affle
Various,Charlottesville Angel Network,Intel Capital
Big Apple Circus,Smart Picture Technologies Inc.,Eventbrite
NYU SCPS,Kenny's Krumbs,Impact Engine
KIND,Stratasys ltd.,"Skadden, Arps, Slate, Meagher and Flom LLP"
MakerBot¨,Classic Car Club,Tribeca Film Institute
littleBits,PRM Advisors LLC,
Shorefront YM-YWHA of Brighton/Manhattan Beach,Zillabyte,Rubicon Project
MakerBot¨,American Corporate Partners,"Eastlink Capital Partners, L.P."
Leviton,CareSight.com,i-dac Indonesia
Makerbot Industries,KPMG US,Centro
SDI Fabsurplus,Trendalytics,Fetch
Deloitte,"The Trade Desk, Inc.",Goldcorp Inc
Andela,MetLife,Crisp Mobile
Independent Consultant,NomadicVR,"NYU Steinhardt School of Culture, Education, and Human Development"
Trustpilot,YPO - Young Presidents' Organization,MattDouglas.com
goTenna,UBS Investment Bank,Freelance
le FabClub Paris,The Duval Partnership,M.H. Resources
Macquarie Group,DoubleClick,The Wall Street Journal
RWF Training,Tri State Office Interiors,VaynerMedia
Freelance,HEC Paris,IDG
InsightSquared,ANATOMY IN CLAY® Learning System from Zahourek Systems Inc.,MLB ADVANCED MEDIA
MakerBot¨,,Defense Group Inc
MakerBot Europe GmbH & Co. KG,MakerBot®,"cratedigger.fm, pulse.fm"
FunLab,SAFC Hitech,Machinio.com
eLearning Mind,Casio USA,eduInnovation
Sumitomo Real Estate Sales NY,TSV Solutions,WeWork
"TEXT Co., Ltd.",Objective Management Group,Angie's List
"CoreTech Leasing, Inc.",Fensens,Alpha UX
Aker Solutions Malaysia,Babson College,Telmate
Roboze,Futura Group srl,General Assembly
MakerBot¨,Agilent Technologies,Accenture Interactive
Shapeways,Interact Marketing Inc.,ekCoffee
Yesware,r-Labs,Winbound
Elix Aviation Capital,YPO - Young Presidents' Organization,Hearst
,"Jukka, Inc.",Charles Schwab
,The Guardian,Convertro (AOL)
"Department of Linguistics, UCSD",Twenty-First Securities,Songkick.com
Oracle,Andela,POPSUGAR
Social Bicycles,ROKIT Inc.,Herio Capital
MakerBot¨,National Securities Corporation,Kifi
Skanska Infrastructure Development Inc.,,Conversant Inc. (formerly ValueClick Media)
Kalamazoo College,,HTC
The Toy Museum of NY,BASE Technologies,bashed
UNOde50,Accesshealth fayette clinic.,Twilio Inc.
LUKNS Media,Verizon Enterprise Solutions,Fun Rice
Double Robotics,traind.net,Shiju Real Estate Service
Macquarie Group,AQUIS.com,
MakerBot¨,,AppsFlyer
MakerBot¨,New York University,Stinson Design
Macquarie Group,Cox Automotive Inc.,PayPal
Nuance Communications,Marketing Matters,BannerWave
,Tata Communications,Scalar
LaunchPack,BetterWorks,Hailo
HouseCall Pro,"Salnikoff & Partners, LLC.",
Neverware,Gartner,WISP
Amplify Education,JPMorgan Chase & Co.,BMO Capital Markets
LCH.Clearnet,North Coast Mortgage,The Muse
Purch,RR Donnelley & Sons Company,Beijing Tech Hive
"The Bridge Group, Inc.",Ajax Union,Tony Nethercutt
Parsons,Range-Findings,HomeAway.com
VetSource,"Boomerang, now part of Accenture Consulting",Yodo1
Alexi Mara Fisk Illustration,mimoza communications,"Apakau, Inc."
Samsung CNT Corporation,Pratt & Whitney,
Democracy Works Inc,,CGTrader
LaunchPack,Converse,Amadeus Capital Partners
,"Adecco Staffing, USA",Hilltop Digital
MakerBot¨,TEREM Printing Solutions,eMindful Inc
Food Manufacturer / Airline Food Service Brokerage,The New York Times,500 Startups
MakerBot Industries,Everplans,PlayScience
Ramona Research,The National Society of Leadership and Success,MAGENTA AGENCY
Shapeways,Cisco Systems,Rubicon Project
,,"Gimbal, Inc."
Shapeways,Workshop in Business Opportunities,Invoice2go
OHSU,McGill University,Northwestern University
Able to Leap Films,Strategies For Wealth,Marxent Labs
Blue Apron,"Immediate Past President, Gold Coast Venture Capital Association",National Association of Asian American Professionals (NAAAP)
Office of Choy,,Symbio Inc
Macquarie Group,Swifte,"Snack Factory, LLC - Pretzel Crisps"
Samsung Electronics,"Travers Tool Co., Inc.",JPL (NASA's Jet Propulsion Laboratory)
Makerbot Industries,Matternet Inc.,Ustvarjalnik
MakerBot¨,National Toy Hall of Fame,Pfizer
TAPFIN-ManpowerGroup Solutions,LinkedIn,Crisp Media
MakerBot¨,Cognex Corporation,Distil Networks
"HyGen Pharmaceuticals, Inc",DashBid,AngelHack
Varonis,"Sales Octane, Inc.",Singularity University
Andela,"Wolfson Insurance Brokerage, Inc",PepsiCo
Macquarie Group,Living Elements Inc,Genentech
Preggi Bellies,Garrity Search Group,Modern Times Group MTG
Macquarie Group,CaveDraw Creative,Ellation
,Trilogy Education Services,BEENEXT PTE. LTD
Makerbot Industries,Tierra Funds,Law Office of Andrew S. Kingsdale
Duolingo,"WTWH Media, LLC",Maker Studios
Andela,"The Nexxes Group, LLC - Custom Recruiting and Talent Management Services",International School of Bearn
MakerBot¨,Grovo,Beeby Clark+Meyler
Momofuku Milk Bar,KSNY,Office of the Assistant Secretary of Defense for Asian and Pacific Security Affairs
Macquarie Group,NoizIvy.org,Mobile Streams
OnDeck,Graphisoft,Summit Venture Mentoring Service
Kolo Birth Services,Bioventus Global formerly Smith & Nephew,THE PUBLISHER DESK
Macquarie Group,D-Link,SMADEX
,,"Planes, Trains and Automobiles (PTA)"
,Motorcycle Safety School,Mokonut
EnergyHub,Dell,Amazon
MakerBot¨,Write2Market | Tech Public Relations,Zwipe
MetLife,Xerox,Crisp Media (NYC)
Willoughby Symphony Orchestra,MeVee,Nonprofit Finance Fund
MakerBot¨,DDB San Francisco,Octoberry
MakerBot¨ EMEA,Solu Publishing,Vibes
Shapeways,L2ideas,Innovid
"Manzke Machine, Inc.",Saudi Aramco,Trunk Club
MakerBot¨,Q-BRAIN Capital Accelerator,DojoMojo
,"Organic People, Inc.",Rubicon Project
Clinton Foundation,"MicroKnowlege, Inc. and ProKnowledge",Dentsu Aegis Network
Stratasys Direct Manufacturing,Ricoh Americas Corporation,RevTrax
Surf Brooklyn!,PVH,Sparkpr
Crown Publishing | Penguin Random House,CIVIQ Smartscapes / LinkNYC,YardHub.com
Macmillan Learning,CloserIQ,Academy for Urban School Leadership
Andela,West Point Army Academy Parents Club,Fortune Magazine
DaYou Seafoods Group,Streetwear Today Magazine,3Q Digital
,Stratasys,true[X]
Cybereason,Colton Consulting,Inside Sales Bootcamp
Grove Street Bicycles,Crossroads Presents / Boston Opera House Ventures / Live Nation,Amazon Lab126
Accotink UU Church,Dassault Systemes,Business Insider
NewVoiceMedia,Consultant,SwiftIQ
MakerBot¨ EMEA,New York University,First Round Capital
MakerBot¨,Babson College,DBRS
MakerBot¨,Anheuser-Busch InBev,Hummings
FIS,Distecna,Madison Logic
Andela,Pennsylvania SPCA,Adopt-a-Pet.com
Two Sigma,Swyft Inc.,E*TRADE Financial Corporation
MakerBot¨ Europe,Oppenheimer & Co.,Jun Group
"International Ozone Services, Inc",North Kingdom Design & Communication AB,
MakerBot¨,Lovelight Consulting,"Ouchie, LLC"
MakerBot¨ EMEA,Tangible Media,Crisp Mobile
Independent Music Professional,Ox-Cart,AccuWeather
MakerBot¨,Bold Machines,Fundera
McKinsey & Company,"DiSorb Systems, Inc.",Waterfall
Andela,ThorTech Solutions,Suth Media LLC
n/a-freelance,"Connotate, Inc",Accordant Media
Andela,Pledgewell,"Narratively, Inc"
MakerBot¨,,
Madmouth Entertainment,EY,Dealogic
MakerBot¨ Europe,Wells Fargo Capital Finance- Retail Finance Division,Kit Check
Hackers On Planet Earth,Get3DSmart,Betamore
Bank of America Merrill Lynch,Indiegrove,charity: water
MakerBot¨,AGAPO,Pinterest
MakerBot¨,got sound Inc,Sourcepoint Technologies Inc
Ucrobotics,Marin Software,Vungle
littleBits,SocialChorus,chatmeter
AdvantageCare Physicians,Realty ONE Group,BrunchCritic
MakerBot¨,2U,SanctaCapital Group
MakerBot¨,Avis Budget Group,EisnerAmper
ShopKeep,ARCHES,Verizon Wireless
Self,Govig,MageLink
Andela,FisherUnitech,Morgan Stanley
No Kemikals No Lye,"The H.I.L.L. of Northeast Florida, Inc",Visa
MakerBot¨ EMEA,Self Employed,Cthree Group
Staiger GmbH,WPI School of Business,Shoreline Capital
,Saint Luke's Lutheran Church,Danone
,HS Ad USA / LG Electronics,"Concord Systems, Inc."
,Freelance/ Union Square Events,XO Group Inc.
,"Deloitte Consulting, LLP",Federal Reserve Bank of Chicago
,"Pets for Patriots, Inc.",Dex Media
,Learn Capital,Harvard University
,American Red Cross,Yavli
,Hudson,
,Dell,Gallop Labs (acquired by Big Viking Games)
,EmblemHealth,Jet.com
,TE Connectivity,QuickPlay Media
,Microsoft,
,Forbes Councils,Porter & Sail
,,Google Skybox
,SAP,
,Abercrombie & Fitch,Sharethrough
,Fahrenheit 212,POLITICO Europe
,Dynamic Yield,
,Dell,Niio
,Babson College,FreeWheel
,"RAYDOOR, Inc.",Dinner Lab INC
,,Yext
,Arcam AB,Robin Hood
,LTS Management,Thirstie
,Noble,Freelance
,MakerBot®,GroundControl Solutions Inc.
,{ Private },
,Boca Pharmacy Group,Localytics
,Gensler,PACE O.D. Consulting
,George Washington University,McCain Foods
,Gilbert International Group,Time Inc.
,Coöperatie VGZ,KPR Strategic Consulting
,Keller WIlliams The Metropolitan,IBM
,Wicked the Musical (Broadway Company),"Fusion, an ABC - Univision Joint-Venture"
,VantagePoint Benefit Administrators,Black Pixel
,Walgreens Optioncare,Twitter
,TestEquity LLC,4.0 Schools
,Andela,Kitchen Stories -- AJNS New Media GmbH
,Parsons New School of Design,
,Kirby & Co. Realty Team with Keller Williams Professional Partners,Boehringer Ingelheim
,Google,Amazon
,Advertising Age,Peel Technologies Inc.
,Dun and Bradstreet,Keap BK
,The Regal Vegan,DataXu
,BASF,ZenithOptimedia Group I The ROI Agency
,Signature Bank,B1TBoT
,Jvc storage Inc.,AnchorFree
,Stash.Me,iHeartMedia
,"The Golden Box, Inc.",Prosper Marketplace
,MakerBot® APJ,Misfit Wearables
,serkoart®,Wandlee
,muzik official,Chiquita
,BeYoung Enterprises,Bonnerman Beheer
,Microsoft,Manhattan Jewish Experience
,The Architect's Newspaper,Yahoo!
,Activision Blizzard,Google
,State University of New York New Paltz,"Sears Hometown and Outlet Stores, Inc."
,Infinit Technology Solutions,Marie Curie Living History
,,Major League Baseball Advanced Media
,Guru of Outsourcing.com,ConvertMedia
,"M.D. Sass Investor Services, Inc.",LinkedIn
,RealVNC,Factual Inc
,PowerPlay,P3GM
,MakerBot®,Madison Logic
,Advantages,Tru Optik
,Independent,CSW2
,Professional Sports Publications,Dreamers // Doers
,Texas State University,Amadeus IT Group
,Apple,BJC Healthcare System
,Harvard Business School,Yale School of Management
,General Dynamics Mission Systems,IAB
,New Jersey Convention Center,Sustainable Food and Tourism
,Zealot Networks,University of Michigan Center for Entrepreneurship (CFE)
,Modernize,Sony Pictures Entertainment
,"Snapchat, Inc.",FreshDigitalGroup
,Salt Creek Capital,Madison Logic
,,Google
,Site Fuel USA,Equinox
,GW Plastics,Independent Consultant (self employed)
,Carlson Management Consulting,"Creative Electron, Inc."
,Decospan NV,IAB UK
,Author,Gilat J Cutler LLC
,OAT Systems,Centre for Business Innovation Limited
,Design Build Consultants Inc.,Hattori Hanzo Shears
,LG&P In-Store Agency,Technology Crossover Ventures
,cityHUNT,"VTS, Inc."
,Business Wire,Chinaccelerator
,Victaulic,
,Richard Duncan Design,Castle Court Images
,RSA The Security Division of EMC,HB | Eric Mower + Associates
,Creative License,Hinge App
,The Power Rank,Sailthru
,Job Search Board Inc.,
,Facebook,The Johns Hopkins University Paul H. Nitze School of Advanced International Studies (SAIS)
,Munich Business School,The Retail Bulletin
,Greenwald Doherty LLP,SMADEX
,ReSource Group Canada,Lenovo
,Carrington Company LLC,OdinText
,"ONG, Llc",Broad Listening
,Woodrow Wilson National Fellowship Foundation,Harley & Co
,MasterCard,Kabam
,LHT Media,Google
,Flint Hills Resources,Bullpen Capital
,Reliable Group,Crenshaw Communications
,Stratasys,"Treasure Data, Inc."
,3D Forge Ltd.,Direct Route Advisory
,Broadridge Financial Solutions,Pollinate Media Group
,OPOWER,SnipSnap
,"Press Emporium, Inc.",Investor / Advisor / Consultant
,B&H Photo Video,Chinaccelerator
,transFORM Gallery,Associated Press
,Restaurants on the Run,mobilesquared Ltd
,PM Digital,Facebook
,"WYNIT Distribution, LLC",Hearst
,BuzzFeed,Vungle
,"Smyl, Inc.",ABC News
,Electric Mobility Canada - Mobilité électrique Canada,xoNecole.com
,WESTport Corp.,Amici Capital
,,Polaris and Dawn
,West Village General Contracting LLC,CB Insights
,Penguin Random House,Everybody At Once
,Betterment,Scripps Networks Interactive
,Crowdtap,"Akademos, Inc."
,GrabCAD,"AccuWeather, Inc"
,First Delta Group,Royal Bank of Scotland
,UCLA,Retail Technology Startup
,Education for Change Public Schools,SKULLY *We are hiring!*
,Measured Progress,Coalesce Creative
,Berglass+Associates,Telmetrics
,Likeable Business (2012) & Likeable Social Media (2011),SEEK Learning
,Michelin,Mobile Force Sp. z o.o.
,Kolbe Corp,Opal Labs
,University of Pennsylvania,GWC Inc
,Green Light Southwest,Axwave Inc.
,,IDEO
,Buscalibre.com,Dynasty Financial Partners
,"3Point Concepts, LLC",Massachusetts Institute of Technology (MIT)
,Genentech,Bureau ICE
,Greenquest Solutions,New York City Fire Department
,ByteCubed,42 Technologies Inc.
,Aon Hewitt,On Books Podcast
,"SnS Design, Inc",Cleppper Media Consultants
,DePuy Synthes Companies of Johnson & Johnson,LSV Asset Management
,eponym,Videology Group
,Everything Events Marketing,Stanford University
,AIC Inc.,
,HP,
,Civic Entertainment Group,itBit
,Broad Institute,City University of New York
,Interlecta,National Basketball Association (NBA)
,Benny,Signifyd
,GE Aviation,Luxury Media Sales
,Amgen,Metaps Pte. Ltd.
,Big Apple Pet Supply,Confirm.IO
,"J.M. Longyear, LLC",Amazon
,Stratasys,Amazon
,Publicis,KPIX CBS5
,Australian Women in New York (AWNY),Patreon
,Examity®,"Starwood Hotels & Resorts Worldwide, Inc."
,Fortress Interlocks,Capital Group
,Technology Evaluation Centers,Taplingua
,Raytheon,Barclays
,,Sakara Life
,1010data,Facebook
,,Interpret
,KPMG,Tapad
,NSS Inc.,reso creative
,"CBRE, Inc.",Metropolitan Area Planning Council
,Cigna Global Health Benefits,Cathay Capital
,Bradlee Int'l Ltd.,Snow Cannon Games
,Jet.com,Crisp Media
,Machete Group,Lab Zero Innovations Inc.
,Freelance,Transworld Systems
,,
,Ventura Air Services,"4th Office / London, Ljubljana"
,Redstone Partners LLC,Town Sports International
,ePlus,Aquto
,PBS Television (WNET),VisualMax
,,Amazon
,Foster Consulting Inc. dba FOSTER,Y Combinator
,KeepCoding,Work Market
,Village Green Apothecary,Gengo
,Stratasys,The Next Big Thing CO
,NFL and CFL football agent,Grupo de Diarios AmŽrica
,Mel-Pak Equipment Company,OMGICU
,MIT Lincoln Laboratory,"Current, powered by GE"
,PlaneTunity Records,The New York Times
,Confidential 2,FastPay
,JiveFromTheHive.com,Reaktor Japan KK
,Partners HealthCare,WideOrbit
,Department of Veterans Affairs,salesforce.com
,SterlingRisk,Medallia
,iZettle do Brasil ( iZettle AB and Bank Santander Joint-Venture ),Chartbeat
,Collective,500 Startups
,littleBits,Mobikyo
,"Sonos, Inc.",Ogilvy Public Relations
,MakerBot®,Koding
,The Theater Project,McKinsey & Company
,D&H Distributing,MIGHTY PR
,"FieldPros, Inc.",Jawbone
,Strategic Healthcare Programs,Apple
,Best In Class Suppliers,McCain Foods
,"Plus 2 Promotions, Inc.",Scripps Networks Interactive
,Venture Development Center at UMass Boston,"SPENT (Receiptless Software, Inc.)"
,Entrepreneurs' Organization,"CloudFlare, Inc."
,"Director, Engineering",J. Walter Thompson Worldwide
,Reward Gateway,Pacific Gas and Electric Company
,"Add Rob Litho, LLC",iHeartMedia
,Andela,Google
,,Cheil Worldwide
,MakerBot®,Shelfbucks
,ASCAP,Diageo
,Ajax Union,Consumer Reports
,Allen & Company,getgeeked Media LLC
,ECIC Consulting Inc,
,DELRAY SYSTEMS,Made by Many
,Jacky's Electronics LLC,IAB
,GE,TSR CR
,crosby37,Mai Tai Global
,Reading Boo(s)t Camp,Vungle
,Radiate (R88) LLC,CNN
,highresolution,Interior Define
,Harrington Wyles,Intelligent Optimisations
,XP Power,U.S. Department of Commerce
,Chatham Financial,Ingenu
,Tripolis Solutions USA,SoundHound
,Babson College,The Wall Street Journal
,Pratt Center for Community Development,Triad Retail Media
,Vestlynx,Amazon Web Services
,Bernstein Rosen & Company CPAs PC,"Ultimate Business Consulting, LLC"
,Thunder11,
,Lucas Group,Apple
,Axiom,Deep Fork Capital
,Salesforce,Bowery Capital
,Back to the Front,Prodas AS
,List Partners Inc.,Z Capital Partners
,Oracle,"Berkshire Hathaway HomeServices Fox & Roach, Realtors"
,PanBI Big Data Analytics,GrowNYC
,H,Planted Inc.
,The Hygenic Corporation,Silicon Dragon
,Thomson Reuters,My new startup
,Ethical Culture Fieldston School,Turner Broadcasting
,Inspire Ventures,National Trust for Historic Preservation
,Webgrity,Google
,Faviana International,The Coca-Cola Company
,Dassault Systemes,EntrepreneurWiki
,University of Pittsburgh Katz Graduate School of Business,
,US Army,Discovery Communications
,MakerBot®,
,Building Envelope Contractor,
,Union Square Ventures,Rackspace Hosting
,GrabCAD,Self-Employed
,Kass Communications,Currier Museum of Art
,"haystagg, Inc.",Performance Technology
,Kavoo,Sprinklr
,Priority Solutions International,ZergNet
,Brown Harris Stevens,Vaizra Investments
,Belcorp,City & State NY
,WDP X,Google
,"Hobbs & Towne, Inc.",ESPN
,Bolt Security,School of Visual Arts
,YPO - Young Presidents' Organization,LocalResponse
,"Bechtold Builders, LLC",University of San Diego
,PrintToPeer (Techstars'15),Time Inc.
,Nashville Technology Council,Adams Street Partners
,PERITI CONSULTING,
,Brewster Inc,Hyperloop Tech
,"MISTRAS Group, Inc.",Yieldmo
,Fujifilm Graphic Systems Division,CenturyClub
,Bosch Rexroth,Omnicom Media Group
,Chapman University,AOL
,,Pandora
,Zest Paradigm International Inc,Internet Week
,First Delta Group,LiquidSpace
,CorePharma LLC (Now Impax Laboratories) - SITE CLOSING,Blast PR
,Akamai Technologies,Leap Digital
,Mindjet,Talener
,Edveda,Draft Ventures
,MakerBot®,We3Travel
,"M&G Enterprises, LLC",Google
,The A Team Group,Alliance Data
,"JPMorgan Chase Bank, N.A.",Swirl Networks
,"QuickSilva Real Estate Law, Title, & Closing Services",Gamewheel
,4i Apps Solutions Private Limited,Lean Launch Ventures
,Something in Mind LLC,Google
,JWT,Twitter
,VWR Education,Amplify
,Pratt Institute,Stax Inc.
,Convey Services,Nike
,KnipBio,Even Responsible Finance
,Acer,Columbia University
,Code Blue Recovery Drink,Zeitgeist Inc.
,MakerBot®,Oracle
,Notion,"Gap, Inc"
,Innoventure Partners,CBS Interactive
,Nuvo Trend Marketing,Alps & Meters
,Lumos Networks,"Gravity Media, LLC"
,Sols,"Conversant, Inc."
,Earnest Inc.,Oracle
,Simon Data,JPMorgan Chase & Co.
,Local Bushel,?????????????????????????
,CEO Coaching International,AppsFlyer
,Grovo,JOIN Capital
,LYNKtec,VSA Partners
,DEOS Group LLC,Google
,"WYNIT Distribution, LLC",
,The Muse,Foodie Group Limited
,,Self-employed
,Georgia Nut Company,Startup Digest
,Mizuho Bank USA,Monitor Coatings Asia Pte Ltd
,Prana Communications,LocalHero
,Salesforce.com,Zemanta
,"Berkshire Hathaway HomeServices Fox & Roach, Realtors",Blinds.com (a Home Depot company)
,The Platypus Institute,Google
,2 Cents Social Media Agency,"Columbia University Graduate School of Architecture, Planning & Preservation"
,Turtle Creations,AlixPartners
,Publicis,AdTheorent¨
,Cumulus Media,Cheryl Yeoh & Co
,Gabriela's Restaurant and Tequila Bar,PandoMedia
,Colette Malouf Inc.,Disney
,SunPower Corporation,OCA Ventures
,Manhattan Kayak Company,Salisbury School
,Los Ninos Services,Kimberly-Clark
,The National Society of Leadership and Success,Cross Screen Consultants
,"Puppet Heap, LLC",KPMG LLP
,University of Denver,Bloglovin'
,Babson College,World Resources Institute
,Everything But The House,Essegibi Service S.p.A.
,Andela,
,"NYU, Real Estate Institute",MXM (Meredith Xcelerated Marketing)
,Digital Image Systems,
,Pyramid Real Estate Group,Aggancio AB
,Huge,FITBUG HOLDINGS PLC
,Modern Spaces,United States Digital Service
,"Schuster Consulting Group, Ltd",American Express
,MBH Acquisitions LLC,Clarin
,Global Partners LP,"Fortune.com, Money.com, CNNMoney.com"
,Canary (canary.is),New York Presbyterian Hospital
,"Kupfer & Associates, PLLC",Andreessen Horowitz
,Raytheon,Servpro of Ft Lauderdale North
,The Junkluggers,Jet.com
,Studio D Home,Crisp
,Kinneberg Management Group,Pacific Northwest Aerospace Alliance
,3D PRINTER TECHNOLOGY,New Concept
,"Eckhart, Inc.",KAI Advisors LLC
,Ox-Cart,Rombii
,Morisey-Dart Group,Convene
,AFN Luxury & Trend Consulting,Silicon Valley Bank
,Qi Breathing,LinkedIn
,,Canaccord Genuity
,MakerBot®,Plug and Play Tech Center
,Cutler PR [We're Hiring!],Philcolabs
,Thrill Shark,NANTHEALTH
,Sophos,
,Digi-Key Electronics,Atlanvest
,Ajax Union Inc,ABRA
,Reelio,IMS Health
,South Pacific Wines,NVYVE Inc.
,Mod Restoration,Fortune Magazine
,Autodesk,
,"Vicus Partners, LLC",Marchex
,Andela,LinkedIn
,Tracy household,Kaltura
,Digital Harbor Foundation,Crisp
,Global Entrepreneurship Week,D.A.Consortium
,Royal Roads University Alumni Summit,REDSQ
,Salesforce,Dozen Digital
,self,Caring Healthcare Co. Ltd.
,transFORM,St Saviour School
,Staples,"AHW Ingredients, LLC"
,Bank of England,AutoVision GmbH (Ein Unternehmen im Volkswagen Konzern)
,re:3D,Columbia University Medical Center
,Arcam AB,Dasher
,Boston Scientific,Philadelphia District Attorney's Office
,"Dell, Inc.",Kiters 4 Communities
,IntroStellar,Apester
,Renew Technology Advisors,"Snapchat, Inc."
,Birchbox,"Advanced Loan Systems, LLC."
,Project Partners LLC,Disney Interactive
,Morgan Stanley Wealth Management,EyeFly Films
,Command Publishing LLC,GM Ryan International
,Stella.ai,Carnegie Mellon University
,Deloitte LLP,
,"Ras Labs, LLC",Integral Ad Science
,"Canon U.S.A., Inc.",
,MakerBot®,"Celtra, Inc."
,Harvard Business School Healthcare Alumni Association,UNICEF
,SGU Consulting,42 Technologies Inc.
,Faviana,Intel Capital
,,Sharethrough
,AREA 17,Beta Bridge Capital
,Merck,Cox Media Group
,Morgan Stanley Wealth Management,Food+Tech Connect
,Pameladoiron.com,"Fluent, LLC"
,"First Delta Group, Inc.",Sputnik Mobile
,Mitek Systems,Johnson & Johnson
,"Stuart & Maury, Inc.",Thermo Fisher Scientific (Life Technologies)
,Simba Corporation,Mandala VR Ltd
,,Morningstar
,Stratasys,Dearborn Partners
,Toyota InfoTechnology Center,CureJoy Inc
,Cleantech Law Partners,Ubimo
,,Autodesk
,"Vector Foiltec, LLC",TRUSTe
,,McKinsey & Company
,IBM India Pvt Ltd,Red Dog Networks
,Prototype Today,ValueStream Labs
,Stratasys,BusExpress
,Optimizely,GreenSight Agronomics
,"PPC Management, Landing Page & Digital Marketing Experts",HERE
,Leyna Chiang,Students For Education Reform
,Robotics 3D - Robotic and Domotic,Feniks Consulting Pte Ltd
,SunPower Corporation,Dr. Steven Shoshany Chiropractor
,SA IT Services,The Esplanade Co Ltd
,The Habit Burger Grill,Time Inc.
,UJA-Federation of New York,RadioSherpa
,Golden Seeds Fund LP,betaworks
,"Beta Transformer Technology Corp., subsidiary of Data Device Corp.",Sultan Ventures
,DTC Sales & Marketing,tba
,"the alp group, llc",
,TIE TEAM,The Kitchen
,Entrepeneur's Organization-NYC Chapter,Thinkful
,"FindLaw, a Thomson Reuters Business",VHX
,Moleskine,Kiosked
,RELATED Risk Management & Compliance,E. & J. Gallo Winery
,Jinna Properties LLC,echoseven labs
,Net@Work,"Kollabora, Inc."
,TheChill.co,
,j robert bazemore inc,STAQ
,,EMRLD
,Peterson Sculpture,UNC Wilmington
,Professional Sales Coach,UBsports
,BIS Research,BD
,eLearning Mind,"Turner Digital/CNN a division of Turner Broadcasting, Inc."
,Invest Forward,
,Charles Rutenberg Realty LLC,Sojern
,University of Massachusetts,KPMG US
,TMAX Digital Inc.,GearLaunch
,Dell,Native Co.
,SCLC,Fontys Hogescholen
,"Airmatic Compressor Systems, Inc",Fitch Learning
,University of Massachusetts Amherst,"Expedia, Inc."
,Outside the Box Festival,VaynerMedia
,littleBits,Outbrain
,Peloton Cycle,Brad Frost Web
,"Women In Need, Inc. (Win)",Axiom Exergy
,Willkie Farr & Gallagher LLP,1to1 Media
,FMG Publications,Private Investor
,The 40 Hour Work YEAR,Self employed
,ClassPass,HAX
,Self-Employed,Self-Employed
,salesforce.com,
,National Institutes of Health,Soho House & Co
,Charles River Watershed Association,"Bobby Marks, Jr. Memorial Scholarship Fund, Inc."
,Lloyd Group,Swig Labs
,MakerBot®,Glide
,medical services,Apple
,By The Flamingos,Collective
,The Abraham Group,Koelnmesse GmbH
,MakerBot®,Citi
,CR Bard/ Davol INC.,Product Hunt
,Infocomm Investments,evoJets
,Mobi Lab,AKQA
,Andela,Stacklist
,,RANDON S.A.
,Wolf Oil Field Services,PicsArt Inc.
,The E.W. Scripps Company,"Flashtalking, Inc."
,Madwell,IUPUI
,MakerBot®,Slalom Consulting
,next5 Development LLC,DataArt
,"Red Rabbit, LLC",M&S Partners Pte. Ltd.
,,TRT-WORLD
,Sprinklr,KWOLIA
,"Pivotal Software, Inc.",NEA
,ITESM,timehop
,Clif Bar & Company,"eXelate, A Nielsen Company"
,Muse App,Al Jazeera America
,Edu Tek Limited,The Economist
,"LEAF Commercial Capital, Inc.",Eric Peiffer Industries
,STEM Learning Lab,InnerAlly Inc.
,Huron Consulting Group,Town Of Amenia
,Percolate Inc.,Techstars
,,Baidu.com
,BWG Strategy LLC,City of Los Angeles
,MediSys Health Network,CMYK Ventures
,Capital Management Internationale,Atlassian
,Tech Data,GENPACT
,ManagerFirm Incorporated,IAB
,Stratasys,500 Startups
,Next Level Games,Roku
,National Football League (NFL),CLT
,CT Northeast Organic Farming Association,Dave Ramsey
,"CM Design Associates, Inc.",Culturadar
,salesforce.com,Wildlife Conservation Society
,ZMC Hotels,Mobile Marketing Association
,aDevShop,MobileFuse
,Babson College,Peruse.io
,MakerBot®,Raise.me
,"TH Austin & Associates, LLC",Soucy (Shanghai) Rubber Co Ltd
,"Manufacturing Leadership Council, a division of Frost & Sullivan",Kraft Foods
,Community Volunteer,Quad Analytix
,24 Seven Inc.,Spies & Assassins
,BlackRock,Nootroo
,MakerBot®,Drizly
,MakerBot®,The Nordic Gulf Group
,Madwell,DAC ASIA Pte.Ltd.
,Babson College,NY Tech Meetup
,Girlapproved,ED Platform
,"Schwartz, Levine & Kaplan, PLLC",Red Swan Ventures
,Dame Products,Merkle
,Signiant,Coin.co
,AmeriCorps,CSC UpShot Ventures
,BIGfish Communications,D.A.Consortium Inc.
,MakerBot®,C8 Sciences
,DHL Express,9Cookies
,Sartorius Intec,ALM Media
,Kevin Haerr,Camaje Bistro
,Full Sky Capital,Touching Code GmbH
,MakerBot®,(Undisclosed)
,Thryve Coaching,Maxavenue
,,Elisa
,Fabbers,AOL
,"Cargomatic, Inc.",Vimeo
,Global DWC,.
,Discount Shelving & Displays,Alley Interactive
,PepsiCo,United States Marine Corps
,Young Jewish Professionals,Rave Curious Podcast
,"Zhejiang University, School of Management, Hangzhou, China",Breathometer
,The Wedding Salon,Clinch Labs
,Main Street Partners,General Assemb.ly
,Pritikin Longevity Center + Spa,D.A.Consortium Inc.
,The Coca-Cola Company,GWC
,"C.C. Productions, Inc.",Founders Fund
,Brandfuel Marketing,PricewaterhouseCoopers Advisory Services LLP
,Percolate Inc.,plyfe
,Robert Half,Adobe
,"MakerBot Industries, LLC",San Francisco Classical Voice
,Hearts Place,SOGO Labs
,Showbucks,Freelance
,Quest Groups LLC,Sizmek (formerly DG MediaMind)
,ARMOR,"ad:tech, iMedia, Mobile Media Summit"
,TheBooksTheyGaveMe.com,
,Various,Future of StoryTelling
,Pacific Advisors,Dex Academy
,Hasbro,Crisp Media
,Avizia,Twitter
,Tecnológico de Monterrey,Morsel
,Sparks,
,OOH-FAH Teriyaki Sauce,Roc Nation
,Relay,Fortune Magazine
,"Massie Services, LLC",TechCrunch
,Xerox,Openers
,Freelance Classical Bassist,Adobe
,Ace Apparel,
,Gemeente Amsterdam,Google
,Retigence Technologies,MasterCard
,Stratasys,CPXi
,Salesforce,Reed Expositions France
,Sears Holdings Corporation,"Estate Street Partners, LLC"
,Ray Enterprises Inc.,Google
,,FundersClub
,IBM,Eone Timepieces
,MakerBot®,Teads.tv
,United States Soccer Federation,The Fearless Group
,Autodesk,Language Hunt
,Penta Teknoloji Urunleri Dagitim Ticaret AS.,FOUNDERMADE
,Fresh & Easy,Startup Leadership Program
,Archi(Struc)tures,Fyber
,YSK Media Inc.,Mackevision
,General Assembly,Forbes
,Renishaw,Fast Company
,OpenMarket Inc.,InterChina Consulting
,"Alloys, The non-traditional distributor",Women in Wireless
,CIO Vietnam,"PowerCore, Inc."
,Consulace Business Solutions Pvt. Ltd.,Zaoo Inc.
,The Corcoran Group,AppSule Inc
,Main Entre Digital Acceleration Lab,Epion Health
,Von Nostrum Games,Dow Jones
,TheMuse.com,Jewelbots
,Sales Agent,Datasnap.io (Acquired by Neustar)
,"LaunchPack, LLC",SomeOne
,Blu-Bin,KVH NYC
,Computers Unlimited,specifiko.com
,New York Road Runners,AdTheorent
,DPS Innovations LLC,DAKA Advisory
,,"The Luminance Group, LLC"
,"Founder IBEXONE, INC. (Consulting) & 3DPBODY, INC. (3DPrinting/3DSCanning/Additive Manufacturing)",CBERT (Chicago Booth Entrepreneurial Roundtable-Downtown)
,3D Systems Corporation,"HookLogic, Inc."
,Abacus,"ResponsiveAds, Inc."
,Xerox Corp - Graphic Commmunication Group,XO Group Inc.
,"Express Trade Capital, Inc.",500 Startups
,Holwell Shuster & Goldberg LLP,Facebook
,University of Massachusetts Amherst,Mobile Commons
,,"The Walt Disney Company, ABC Family"
,Entrepreneur Media,Millennial Media
,MakerBot®,Testin
,WeWork,Sumo Logic
,,Youxin Inc.
,LinkedIn Super Connector,"Eleven, Inc."
,"Axial Networks, Inc.","Payfone, Inc."
,Edge Enterprises Inc.,"MediaRadar, Inc."
,V A Waterfront,Digital Media Startup
,plantandstone.com,DO.Consulting (do-consulting.com)
,ingenium.agency,Swrve
,Hawkeye Imagery,PubMatic
,MakerBot®,"ReactiveOps, Inc."
,,Ansible
,MakerBot®,SALIDO
,U.S. Department of State,Mingyian
,MakerBot®,Slice Intelligence
,,Agility IO
,Casper,Rise Interactive
,UBS,Unity Technologies
,Stratasys,Reputation.com
,"Coastal Carolina Counseling, Inc.",Mobilewalla
,Mobile Monday Silicon Beach,AOL
,Korur Robot Teknolojileri,Styler
,"StadiumRed, Inc.",DataXu
,George Riggin Specialty Automotive,Mount Sinai Beth Israel
,RES Software,Fyber
,LNKit.com,Verve Mobile
,Dodger Properties LLC,PicsArt Inc.
,Jean Martin,Udemy
,ValueStream,Skyya Communications
,Hot Pop Factory,LinkedIn
,NorthWest International Healthcare Properties REIT,Adobe
,Cisco Systems,Visa
,"Joni Juice, LLC",Bubboli
,Andela,ViaSyndicate
,"Prism Engineering, Inc.",Salisbury School
,The Linde Group,Google
,Babson College,Pressly
,Augment,Oracle
,Bilby Publishing & Consulting Pty. Ltd.,IAEA
,NIKLZ IMAGE CONSULTING,Vello
,Chelsea Plastics Corporation,BBC News
,Key Information Systems,Grouper
,"Linkstars, Inc",Tokyo Founders Fund
,AOL's Kitchen Daily,TechnoBuffalo.com
,Perimeterwatch Technologies,Legal Publish
,Harvard Business School,OnScroll
,3D Printing Ally,Neustar Security Services
,Jean luc Mege Photography,Scout
,,American Express
,MakerBot®,Foodida Corp.
,Honeywell Aerospace,Passport Corporation
,The Madeira School,Venovate
,TJIKO,PubNub
,Alternative Connection,First Graduate
,Interacción 3D,Wearable IoT World
,RwandaOnline Platform Limited,IBM
,Intelligy,Mod Restoration
,"CrowdTwist, Inc.",Havas Life Metro
,Internet Marketing & Domain Investing,Universal Music Group
,ON Partners,Showa University
,Manhattan Surgical Ctr,China Youthology
,Riva Precision Manufacturing,Twitter
,"TTFly Network Technology Co.,Ltd",DigitasLBi
,EO,Relocation Management Europe
,Freedspace 3D Technologies,
,"Kuusakoski US/Vintage Tech, LLC",
,,Roku
,FREEDEE Printing Solutions Ltd,WPG Talk Radio 1450 Atlantic City
,LinkedIn,Aquifer
,"CBM Trading, Inc.",MediaMath
,"DRS Technologies, Inc.",Sexual Chocolate
,Self-employed,New Media Monetization
,Alex Strongwater Design,Harley & Co
,Paterek Brothers Incorporated,???
,Esker Inc,AOL Platforms
,"Agero, Inc. (formerly Cross Country Automotive)",Xibao
,2U,Bank of America Merrill Lynch
,Pratt Institute,Tremor Video
,Boston Scientific,DiStasi Moriello & Murphy
,MakerBot®,"Keurig Green Mountain, Inc."
,Diversified Realty Corp.,Humana
,Onshape Inc.,Tacklebox Accelerator Corp.
,Boston University School of Medicine,Nielsen
,MakerBot®,Tiffany & Company
,Creatingway Technology (HK) Limited,Mauldin Consulting
,Nationwide Technical Resources Corp.,Accordant Media
,,Joyent
,,Legal Aid Foundation of Los Angeles
,Suffolk Construction,Delighted Inc.
,LBD Makers,NYTimes.com
,Seedinvest,McCormcik
,One Zero Capital,Google
,RTI International,TravelClick
,"LEAF Commercial Capital, Inc.",Quarks & Bits Software LLC
,Skipper Foods Inc,Abu Dhabi Investment Authority
,Think to INK!,
,Freelance,
,Alloys - The non-traditional distibutor,C&C Group
,Reps Electronics/ MicroPro Corp,"Walker & Company Brands, Inc."
,Black River Ventures,Apple
,Umbrella Energy,Alaris
,AeroCloud Group,ConAgra
,ACG Worldwide,"Accelerance, Inc."
,Independent Contractor - Self Employed,Psychability
,,Maslow
,PM Investigations,Shakr Media
,"Ellman, A Cynosure Company",Gensler
,charles gans,goFlow
,MakerBot®,Valcent Inc
,MakerBot®,Lading Analytics
,RISK! and The Story Studio,Washington University in St. Louis
,HLW,Creative Destruction Lab
,,Google
,eLearning Mind,Chatbooks
,Voxy,Monotype
,littleBits,Qudini Ltd
,Stack Overflow,Bruni PR
,Stratasys,Beautiful Things Design Studio
,Computers Unlimited,Doglotion.com
,MoMA PS1,Propel Parts.US
,"Jibe, Inc.",Vaunte
,Adelaide Mestre,MediaMath
,MakerBot® Europe,Amobee
,IBM,Reinsurance / B&A Insurance Solutions at American Family Mutual Insurance Company
,"LaunchKey, Inc.",Isobar
,Halstead Property,Radix Collective
,Juvenile Diabetes Research Foundation,BWG Strategy LLC
,Marana Health Center,Startup Weekend
,Next City,ProChile
,LinkBee,AngelList
,MRI Traverse City,Sidewalk Labs
,Marsh,
,3Doodler,Wait But Why
,,Fortune Magazine
,Google,Cooperatize
,Dr. Axe - Food Is Medicine,LinkedIn
,MakerBot®,
,NYU LANGONE MEDICAL CENTER CSTP,Meltwater Entrepreneurial School of Technology
,,Ericsson
,Babson College,Code & Craft
,EdgeTheory,FUNKE Digital TV Guide GmbH
,Arctic Cat,Oasis500
,"pq LTD, pq SpA",Apptamin - Cool and Affordable App Videos for iOS/Android
,MakerBot®,Activant Capital Group
,Spark Capital LLC,Yodlee
,Armando Zetina Mth.,Meerkat
,SquareHelper.com,App Annie
,i3D Ltda,TechHub
,,MINTDATA
,Trimaker,U.S. Department of State
,ENEVO Group,Blogads.com
,Axial,Retresco
,Creative Tools,Global Innovator Fund
,Polymaker LLC,Design and innovation firm
,"Avery Boardman, ABI, Head Bed, Lodi Down and Feather, Sleepable Sofas, Carlyle Custom Convertibles",US Foods
,Labaid Pharmaceuticals Limited,Avature
,Labor Sync,Impact.tech Meetup
,Consultant,CloudMagic
,Innovius Group,Alibaba Group (Alibaba.com)
,Elmonier Trading Inc,The Weather Company
,IBM,
,"Valentina Kova, Inc",Mobile Monday Thailand
,Insight UK,Crisp Media
,MakerBot®,Crossover for Work
,RWF Training,HappyFunCorp
,The First Tee,Monotype Imaging
,Solid Energy Srl,"Button, Inc."
,MakerBot®,NBC Universal
,BitTitan,"Xaxis, a WPP/GroupM subsidiary"
,360 Virtual Solutions,Relationship Science
,Everglades Technologies & Cloud9 Smarthome,
,United States Agency for International Development (USAID),StatSocial
,Stratasys,Johnson & Johnson Medical China
,littleBits,Horizons Ventures
,"Dantrafo Electric (Suzhou) Co., Ltd",Chute
,Andela,Hackonauts
,BES Consulting Group,University of Chicago Booth School of Business
,"The Goodkind Group, LLC",
,Fundera,Stitch Appeal / Rita and Phill
,PupGear Corporation,Smith Hill Partners
,U4 : : NETWORKS,3Doodler
,Bitcoin,Global Disaster Innovation Group
,Stack Overflow,Zeitgeist Partners
,MakerBot®,Zova
,Ricoh UK,Independence Charter School
,Deloitte Tax,PunchTab
,4i Apps Solutions Private Limited,"Vox Media, Inc."
,PARK AVE SAAB,Philips Lighting
,Tommy Hilfiger,Hobo Labs
,MakerBot®,Smaato
,,Marsh & McLennan Companies
,"Schatzi Wines, LLC",8 | partners
,Stratasys North America,DoubleVerify
,Hospital Medicine Solutions LLC,Product Hunt
,Vihara Foundation,eMarketer
,SMARTe Inc,Pereira Adventure Sports
,MakerBot®,KungFu Data
,Babson College,TestBird
,Intersection Co.,"Machine Zone, Inc."
,Studio Shoshana,StreamTrack Media
,International Protective Service Agency,Zurich Insurance Company Ltd.
,Berghahn Journals,Superfly Insights
,"mVentix, Inc.",The Event Studio
,Westchester Business Networks,General Assembly
,Linedata,
,"Get After It Music, LLC",Mobile Marketing and Technology Magazine
,"AGS Stainless, Inc.",Dreamit Education Accelerator
,Andela,Adelphic
,International Entrepreneurship Institute,Das Horn
,Proto3000 Inc.,
,Stratasys Japan,SapientNitro
,Leviton,Southern Star Shipping Co. Inc.
,Stack Overflow,New York University
,Independent Consultant,WebSpark Media
,goTenna,Crisp Media
,WinterWyman,Struts & Springs Co.
,Freelance,Roomi
,Skyfunnel,East Ventures
,MakerBot Europe GmbH & Co. KG,UX Consultant
,MakerBot®,Open Coworking
,Clean Strands™ Eco-friendly 3D Printing Filaments,William Blair and Company
,Buster's Main Stem,Absolute Pin Incorporated
,Andela,Shutterstock
,Kaci Leigh Prosa,LAO Ventures
,Babiso Inc.,DataXu
,Peloton Cycle,MESA+
,"Intrepid Pursuits, LLC",BlackRock
,rommelag,Google
,Terrie O'Connor Realtors,Carrot - a VICE company
,Mozilla,Dentsply International China
,The Mark Restaurant by Jean Georges,Educational Testing Service (ETS)
,PRO EXPO,OpenX
,Whosebeauty,Full Stack Research
,CarGurus,ASCAP
,"Salesify, Inc.",Mobile Only Accelerator (MOX)
,MakerBot®,Inc. Magazine
,State Street Bank,ISS | Institutional Shareholder Services
,UNOde50,VAU Company
,LUKNS Media,Freelance
,3D Space Labs,AppliedQ
,Babson College,The Atlantic
,7Fox Media,Brooklyn Gin - Brooklyn Craft Works
,Shophood,Index.hr
,Ingram Micro,Groupon
,ZiPayroll.com / ASCTFSPayroll.com,YuMe
,Rumble Fox LLC,Norwegian Cruise Line
,OmniDynamics,TribeTats
,Various,Surveyor Capital
,Yale University,CNN
,Verizon Wireless,The Silk Initiative
,LCH.Clearnet,Saentis Peak Advisory Services
,RAPID,Smaato Inc.
,,Accuen
,Ethan Partners,WFA - The World Federation of Advertisers
,littleBits,OpenX
,Citizens Bank,HAX
,Access Staffing,The EstŽe Lauder Companies Inc.
,"The Whole Package, LLC",Storyful
,LaunchPack,New York Fashion Fellows + Venture Fellows Program
,Makerbot Industries,App Annie
,Tradition,Newport Mesa Unified School District
,"Noven Pharmaceuticals, Inc.",DAC group
,Food Manufacturer / Airline Food Service Brokerage,Open mHealth
,Bindo,Visible.vc
,Videojet,Latinity - Latin America Women in Technology Conference
,Wurth USA,Citi
,MakerBot®,Didit Search Marketing
,Multiple Mediums,Merkle
,Andela,
,Autosport Designs,Datadog
,Verify Markets,Crisp Media
,Xerox,Mani Diaries
,Pandora,PBS MediaTwits
,Domain Services,EventHero
,CB Insights,ShoutEm
,"REPRAPPER TECH Co., Limited",LBS Ventures
,Imaginex,Xaxis
,Roboze,InvenSense Inc.
,GANDER.tv,
,Betteridge/bespoke,Brown University
,,VINA
,,Jump Associates
,Oracle,x.ai
,Condon & Forsyth LLP,"St. Cloud Capital, LLC"
,Entrepreneur,Freelance
,able to leap films,The Mountaintop Program
,PromoRepublic,Goltra Castings Company
,Total Merchant Systems,Parrable
,Financial Poise,VideoInk
,Master of Business Leadership Inc.,Domaine les Loges
,Genuent,AppSocially Inc.
,MakerBot®,IPONWEB
,Technigriti Systems (P) Ltd,Soltra
,Creíble Infotech Solutions Pvt. Ltd.,LISA (Levant International Startup Association)
,HBO,Perk Mobile Inc.
,Riley,Deloitte
,La Hacienda Foods,"Lowe's Companies, Inc."
,Whitehall Media,Oregon Video Game Association
,"Shenzhen Jinpai communication equipment Co.,Ltd",Facebook
,Shire Pharmaceuticals,mbloom
,DOCE:NOON,Quickly
,T-Tech Automation Inc.,audioBoom
,Skillshare,NYC Marketing Mixer
,Sotheby's International Realty,
,,theSkimm
,BWG Strategy LLC,
,Truman James,
,Import Export Center,Weber Shandwick
,Lindt & Sprungli,Mediapost
,Media Markt - Saturn Nederland,CANDLIFY VR Technologies
,Styled Sharp,Nickelodeon
,True.,Employees Retirement System of Texas
,WPIX-TV,Snowe
,Alexander Daniels Global,Google
,Juno Inc.,Fin
,Shapeways,Lend Lease
,JNK Securities,Women in Wireless
,Skyfi Labs,Superhuman
,Andela,VIDA Fitness & Aura Spa
,Self-employed,Agency by Others
,CheapSSLSecurity.com,Tremor Video
,C3D Labs,Turner Broadcasting
,Andela,CircleClick
,Indian Institute of Science,Reserve
,Capsule Technologie,AnyRoad
,Benetton Group,Internet Week NY + Europe
,Denial eSports,BBVA
,Nexway,
,Manulith,"Drawbridge, Inc."
,Import Export Center,airfy GmbH
,"Sounder Outdoor Products, LLC.",This Also
,Social Bicycles,Droga5
,,Mercer
,Paris Gallery LLC,Playground
,MakerBot®,JUICE Mobile
,Makerbot Industries,Buzzstarter
,IVY,"Experience Matters, LLC"
,Michael Page,Mobo
,,Belly
,Momofuku Milk Bar,Unilever
,Double Robotics,ADAY
,SGK,ActionX
,Yetsan Group,"24/7 Wall St., LLC"
,OnDeck,Viggle Inc.
,PCI Sales Inc.,Pearson
,Water Treatment & Controls,"Guanghua School of Management, Peking University"
,Changzhou LEKVA Electronics Co.?LTD,Google
,BOND INC,UBIMET
,Global Alternative Energy Alliance,Google
,Confidential Medical Company,Hightide Advertising
,"AXA Advisors, LLC",Spotify
,Apis Group Pty Ltd,The Nielsen Company
,RS Components,Pinterest
,"Hobbs & Towne, Inc. - Cleantech, Energy, Sustainability & Enterprise Technology Executive Search",AppLovin
,Canon Austria GmbH,
,Stratasys Direct Manufacturing,Wix.com
,Expand Research - A Company of The Boston Consulting Group,Delta Partners
,Andela,Crisp Media
,3D Printlife,Gengo
,Michael Page,A. Maison
,Macmillan Learning,Brown Harris Stevens
,Dot Connector,SignalFire
,Ruckus Wireless,Riot Games
,Andela,Charles Schwab
,Wellwall Construction Company Ltd,Adaptly
,Research And Developer,Hearst Digital Media
,Flying Dreams Winery,Strat Americas
,Grove Street Bicycles,Pacific Life
,,TBD - Marketing Dashboard SaaS Application
,3DP4E LLC,Jewelbots
,CirroLogix Pvt. Ltd.,Postmore
,Able to Leap Films,Node.io
,BoulderInvestments.com,Mindfulness Based Achievement
,Lavoratore Autonomo,"KONTOR, Inc."
,MakerBot®,"Neustar, Inc."
,VMH International - Siemens PLM Software,Silicon Valley Bank
,First Delta Group,Johnson & Johnson
,Bank BPH (GE Capital Group),Somo Ltd
,"Earth, Inc.",Panna
,ArlyDesign LAGO Paris,Starwish Technology
,Romanoff International Supply Corporation,CureDuchenne
,MakerBot®,Start-up (stealth mode)
,"AUGUST ACCESSORIES, Inc.",Livestation
,MYO3D,TripAdvisor
,IBM,The Boston Consulting Group
,,GoThrive
,MPC Technologies,1800flowers.com
,,SAP
,??????????????,Dinner Dealer
,Inversiones EN3D,Adacado Inc.
,Bilby 3D,NewsON Media
,Kabra Extrusion Technik,HelloCrowd
,NYU Langone Medical Center,Windward SCS
,BWG Strategy LLC,Allison+Partners
,Murphy Equestrian,YieldMo
,"Dongguan Banner RP& M Co.,Ltd",Volkswagen Group of America
,,PlaceIQ
,Fab Lab El Paso,TriNet
,"HyGen Pharmaceuticals, Inc",University of Chicago Booth School of Business
,3DSWAY Technology,Nontoxic Certified
,Surf Brooklyn!,eBay Inc
,Stratasys,Deloitte
,The Peoples Improv Theater,Academy for Software Engineering
,Stratasys,TalkSurf
,,Our State Magazine
,TimelineIQ,Latina Media Ventures
,Intersect Retail,HYFN
,,Cohen & Steers
,Wolf Guard,Columbia University Medical Center
,EnergyHub,Socratic Labs
,Domino Media Group,The Information
,Cerego,
,The Renaissance Companies Inc.,LaterPay
,MetLife,Market Fusion Analytics
,,District Cowork
,UC Berkeley,20-Jun
,,Alpha UX
,Udacity,api.ai
,Manhattan College,DoApp Inc.
,"Shenzhen HaoGuang Century Technology co., LTD",Robin8
,Skidmore College,Riley
,Business English & Cross Cultural Consulting,Revlon
,Andela,AdSage
,FEDERAL-MOGUL CAIEC AUTOMOTIVE TECHNOLOGY SERVICE CO.LTD,"Parenthoods, Inc"
,Andela,AllTechTEAM.org
,MakerBot® Europe,TechCrunch
,Brinok Solutions,Burpple
,QVC,Liquid | Powered by PCH
,MakerBot®,SourceMedia
,Stratasys Ltd,Opower
,Potoo Marketing,ARC Document Solutions
,Copia Interactive,The Washington Post
,Kryptonite Healthcare Design,Galvanize Ventures
,"Entrepreneurs Org, New York",TripAdvisor
,,
,HireArt,8tracks
,,ThyssenKrupp Elevator Americas
,MakerBot®,The Flatiron School
,Tech Data,Instabed
,Tsuiso,Maker Media
,Relationship Barometer,Harvard Business School
,,The Paley Center for Media
,Precision Castparts,Pressly
,Self Employed,MasterCard
,RHUM & CHOCOLATE,Rent The Runway
,"MEA Strategic Solutions, LLC",Crisp Media
,3D Printing Industries,Palringo
,Ingram Micro,Xero
,3D Printers Online Store,Access Emanate
,Carlyle,Quantcast
,InformaticaDev,OKpanda Inc.
,3ecruit,Clarifai
,ShopKeep,
,Peepmyfooty,RhythmOne
,"Shenzhen Fly Electronic Co., Ltd",MSLGROUP
,World 3D Printing Technology Industry Alliance,Citi Habitats
,A-Software Ltd.,Providence Health & Services
,"REPRAPPER TECH CO., LTD",Farmivore
,PickaJoy,ClickZ Network
,MakerBot® EMEA,Publicitas
,ReachLocal,Point B
,ALLIN,"RedRover Networks, LLC"
,ServUsTECH,1000 Angels
,youngStartup Ventures,YouGov
,Tridimensia.com,Manufacture NY
,Creatingwell 3D Equipment Limited,Rubicon Project
,CADD Centre | 3D Printers | Wide Format Printers & Scanners | 3D Printing Solutions,Soylent
,,Common Living Inc.
,"Four Pillars Technology & Applied materials (Shenzhen) Co. , Ltd.",MRY
,SM/Stream,NAMI-NYC Metro (National Alliance on Mental Illness-NYC Metro)
,"Havenlabs, Inc.",Mediapost
,SoftGreat,"Inventa, Cabify, Faraday, Room Choice, Interface"
,BERATRONIC GmbH,NewSquare Innovation
,MnM Group,Jet.com
,Rapide 3D Limited,100 Entrepreneurs
,Arthrex,Forrester Research
,Image Transforms,Junior
,Stratasys,SUITCASE
,Hill Country Hospitality,MyMusaic
,"ELECFREAKS,Co,,Ltd",StartUp Health
,MakerBot® EMEA,OnTapp Media
,Coastal Construction Group,1500 Walnut Films
,Open Systems Technologies,Edmodo
,youngStartup Ventures,J.P. Morgan
,SMR7 Field Marketing Intelligence,Factual Inc
,MakerBot® Europe,Teikyo University Hospital
,Stratasys Direct Manufacturing,Twitter
,,POLITICO
,Andela,Crisp Media
,"Guiding Metrics | Mount Kisco, NY",McKesson
,Bank of America Merrill Lynch,Time Inc.
,,Access Intelligence
,Aurora ??,Vodafone
,Enterprise Sales Meetup,Sears Holdings Corporation
,SinceTech,CondŽ Nast
,Bilibili Douga,Twitter
,PayTechPros,Lateral Inc.
,Bookworm,Represent.us
,Ortado?u Teknik Üniversitesi-Makine Mühendisli?i,"Jibo, Inc."
,youngStartup Ventures,Unilever Bestfoods LA
,Self-employed,Netflix
,No Kemikals No Lye,Seward & Kissel LLP
,production studio,TripleLift
,,Adform
,Venture Capital Advisory,Occipital
,Scott Brothers Group,Qilin World Capital  / Carrington Capital
,CoPromote,AnyPerk
,"3D ??????,??????????",Alcatel-Lucent
,"JHC technology Co.,Limited",Houlihan Lawrence
,CareerServiceonline,Fastener.io
,,Visa
,Codeflies IT Services,Rao Studios
,,Apidancing beekeeping
,Future Covenant,White Ops
,MnM (3D printing/additive manufacturing gases),BNP Paribas
,Createbot China,Acxiom
,"CBM Technology Co., Ltd",3Cinteractive
,ITFM Services Pty Ltd,"Roseland, a Mack-Cali Company"
,,Adobe
,,Ansa
,,Yale University
,,"HSBC (NY), Seventh Sense (DC), Blue (NY), Imaginary Forces (NY)"
,,
,,Frank N. Magid Associates
,,TradeLive
,,Slavin Family Foundation
,,"Savonix, Inc."
,,Interactive Advertising Bureau
,,Flybridge Capital Partners
,,Indeed.com
,,Tripstr
,,Venture Garden Group
,,MSLGROUP
,,IDG
,,sweetgreen
,,"City of Long Beach, New York"
,,Dropbox
,,Loyal
,,1stdibs.com
,,Amazon
,,Huge
,,Live Nation Entertainment
,,"Native Documents, Inc."
,,"StandDesk, Inc"
,,I Like This Grape
,,Cloud Four
,,
,,Ogilvy & Mather Advertising
,,NinthDecimal
,,Conde Nast
,,Ellevate Network (f.k.a 85 Broads)
,,"xAd, Inc"
,,Apple
,,ScientiaMobile
,,Enrich Capital
,,Lightricks
,,Apica Systems
,,
,,NationSwell
,,Ultra Light Startups
,,PayPal
,,AKQA
,,BK?JANI
,,Producers Guild of America
,,Facebook
,,New York Times Magazine
,,F?zd
,,Noom Inc.
,,Radius
,,Teradata
,,MECLABS
,,Optimizely
,,PlaceIQ
,,
,,Rip Road
,,Various
,,Sonata by TAPTAP
,,Russell Reynolds Associates
,,Art Of Click
,,ChaseFuture
,,Do512
,,Spoon University
,,teamgloria inc
,,http://primowind.com/
,,General Catalyst Partners
,,Various
,,Adobe
,,Google
,,Webflow
,,StatSocial
,,Datorama
,,Cathay-Capital Group
,,Genesys | SoundBite Communications
,,Change The Ratio
,,Seeking Remote Opportunities
,,"Liftoff, Inc."
,,Yahoo
,,"Celtra, Inc."
,,Lerer Hippeau Ventures
,,
,,Baidu
,,"Torben, Lucie und die gelbe Gefahr (TLGG) GmbH"
,,HBO
,,Thomson Reuters
,,UZCA
,,Pollock Spark
,,Vast Ventures
,,Surerange Analysis Ltd
,,Label Insight Corporation
,,Freelancer
,,
,,NestlŽ Nespresso
,,Huge
,,Panoply Media
,,Chartboost
,,
,,Timelio
,,D.A.Consortium Inc.
,,Single Palm Tree Productions
,,Adcade
,,IIAM
,,Spongecell
,,Nutrino
,,"Zaius, Inc."
,,PocketMath
,,Media Development Authority
,,Gisges
,,
,,MobileFuse
,,Predictive
,,"Superhuman, Inc"
,,Wikimedia Foundation
,,Bank of America
,,Amazon
,,"Refinery29, Inc."
,,Deeplink
,,Internal Results
,,Twitter
,,
,,
,,CBS Interactive
,,Anvil + Gear
,,Univision Communications Inc.
,,The Home Depot
,,Adobe
,,BCG Digital Ventures
,,Listrak
,,The New Republic
,,Vibrant Media
,,Aon Hewitt
,,HelloGiggles
,,McKinsey & Company
,,
,,Safety Culture
,,Google
,,Triad Retail Media
,,Galvanize Inc
,,InSITE
,,"Public Good Software, Inc."
,,Moat
,,Proskauer Rose LLP
,,Airspectiv Media
,,Splash (SplashThat.com)
,,T3
,,Tokyo Electric Power Company
,,"BigEyedWish, LLC"
,,Main Street Genome
,,Brand Auction
,,"b. little & co., inc."
,,Racery
,,Payfone Inc
,,Unilever Foodsolutions
,,Re/code
,,La Fondation du Startup de MontrŽal
,,
,,DialogTech
,,Phenomenon Media
,,Accenture
,,"Vox Media, Inc."
,,Davis & Gilbert LLP
,,TRUSTe
,,Aerserv
,,Goldman Sachs
,,LightStep
,,Asia Innovations
,,Unified Social
,,ISA
,,SKS Enterprise Technologies S.A. de C.V.
,,Digital Advertising Consortium Inc.
,,Triad Retail Media
,,ClearSlide
,,McKinsey & Company
,,Procter & Gamble
,,
,,8 Securities
,,Appcoach
,,Zadig Capital Management LLC
,,Rikai Labs
,,Lugh Studio
,,ENIAC Ventures
,,Upfront Ventures
,,"Imagiroo, LLC"
,,OWLR
,,Dreamit
,,"ExecThread, Inc."
,,Vogue
,,
,,Spire Education
,,Lumia Capital
,,YuMe
,,StartupBus
,,Tinker Studio
,,Accelerate Health Network
,,Vi Coworking
,,Reginaa Pte.Ltd.
,,Sizmek
,,Quartz
,,Sinister Foxy Productions
,,CNBC
,,SouthGroup Insurance Services
,,
,,Office of the General Counsel- NYC Department of Education
,,OpenTable
,,Illinois EPA
,,TrepTrips / OS
,,Republic Spaces
,,DIRECTV
,,8coupons
,,"Refinery29, Inc."
,,Deloitte
,,Goodwin Procter LLP
,,Paul Hastings
,,AdRepublic
,,Disney ABC Television Group
,,Hewlett Packard Enterprise
,,NRG eSports (http://nrg.gg/)
,,Jobscan
,,Credit Suisse Investment Banking
,,Avanti Interactive LLC
,,POPSUGAR
,,H&R Block
,,KryptonCloud
,,Self Employed
,,Metamarkets
,,AppNexus
,,Palantir Technologies
,,
,,Wieden + Kennedy
,,goodpoint. Fellows GmbH
,,remind meditation
,,
,,Technicolor and Technicolor Ventures
,,Brand Your Flow
,,Mila Living
,,Wandou Labs
,,DirtyKitchen
,,"Martech Media, Inc."
,,FedEx Express
,,AppNexus
,,Homemade (Grazer Labs Inc.)
,,Conjure
,,Fashionista.com
,,BookingBuilder Technologies
,,Yahoo! JAPAN
,,"Lily Robotics, Inc."
,,Codete GmbH
,,Facebook
,,The Manning Group-- dba Orange Leaf Frozen Yogurt
,,Original9 Media
,,Wind Creek Hospitality
,,Tremor Video
,,JackThreads
,,"Playboy Enterprises, Inc."
,,"ProtectWise, Inc."
,,Minbox
,,Josar Media Inc. (creator of The Tastebud App)
,,Team Detroit
,,Google
,,Sheng Li Digital
,,ExposeBox
,,Kramer Media
,,LDV Capital
,,
,,Scholastic
,,"Airpush, Inc."
,,PubMatic
,,SXSW (South by Southwest)
,,Dark Swan of Denmark
,,
,,Axial
,,Keller Williams NYC
,,Notation Capital
,,Franklin Pierce University
,,Hardbound
,,McLaren Applied Technologies
,,iProcedures LLC
,,Bravenet Media
,,Milestone Entertainment
,,Monkimun
,,Take the Interview
,,ChinaNetCloud
,,Partners Group
,,Mode Media Corporation (formerly Glam Media)
,,Synchronoss Technologies
,,Biscuit.io
,,Turfmapp
,,"Illumified, Inc."
,,SheKnows Media
,,Allstate Insurance Agency
,,Picturelife
,,JFE Startup Accelerator - New York
,,Too Young To Wed
,,BBVA
,,
,,Zillow Group
,,WorkHacks
,,A+E Networks
,,Oracle
,,Wildlife Alliance
,,Clubvivre
,,Opera Mediaworks
,,HWTrek
,,Mobile Marketing Association
,,Smaato
,,Junto Health
,,Chinaccelerator
,,Nielsen
,,PebblePost
,,CBS Interactive
,,Vestorly
,,QHR
,,Google
,,??/TeslaHead
,,The New York Times
,,Freelance
,,Olga Steidl Digital
,,AppSumo.com
,,The Huffington Post
,,Freshdesk Inc.
,,Liquid | Powered by Publishers Clearing House
,,Creatives Loop International Ltd. & Co KG
,,Beth Israel Deaconess Medical Center
,,MingJian
,,Business France (Invest in France)
,,MIT Enterprise Forum of New York
,,Analog Devices
,,Cars.com
,,Here Media
,,
,,"MeetMe, Inc. (MeetMe.com / Social Theater)"
,,Nylon Magazine
,,
,,General Assembly
,,MEX
,,Origami
,,Koupon Media
,,United States Senate
,,
,,Newsela
,,"Phil, Inc."
,,
,,Sled
,,Drizly
,,Boston Properties
,,SoundCloud
,,Big Heart Pet Brands
,,D.A.Consortium Inc.
,,Young & Rubicam Group
,,PatientBank
,,
,,Spotify
,,VCNC
,,McCann Worldgroup
,,PS Dept.
,,Hitlist
,,Gravity4
,,
,,
,,Thrill On
,,"Ikon Arts Foundation, Inc"
,,Care+Wear
,,Smaato
,,Massachusetts Institute of Technology (MIT)
,,ayzenberg group
,,Princeton University
,,Dotinspace
,,Gatorade
,,Kraft Foods Group
,,Advance Digital
,,National Academy of Television Arts and Sciences
,,Say Media
,,500 Startups
,,Xaxis
,,JPMorgan Chase & Co.
,,MEC
,,Code and Theory
,,Splash
,,Click2CallNetwork.com
,,Facebook
,,Uber
,,Brown Rudnick
,,Khan Academy
,,Education Development Center (EDC)
,,Millennial Staffing
,,"Modern Capital Concepts, Inc."
,,General Assembly
,,Openers
,,Rovio Entertainment Ltd.
,,Nvent
,,Lilac NYC
,,CleverTap
,,Primia.Digital (formerly Orange Advertising)
,,Solight Design
,,Webisaba Ltd
,,Gear Patrol
,,Hungry Fan
,,Islands
,,Factual Inc.
,,AirFind
,,Google
,,The Durst Organization
,,
,,AlpInvest Partners (The Carlyle Group)
,,Team in Residence
,,Tinkerine Studios Ltd
,,Cicerone Mobile
,,"Flexport (Google Ventures, Founder's Fund, Bloomberg, First Round Capital)"
,,Counsyl
,,TouchPal
,,CustomInk
,,Glassdoor
,,General Catalyst Partners
,,Captiv8
,,Blue Cross Blue Shield of Massachusetts
,,Contentful
,,CondŽ Nast
,,Bank of America Merrill Lynch
,,ZADY
,,"Hired, Inc"
,,PopGun Presents
,,Freestyle Capital
,,i/o ventures
,,Daversa Partners
,,Opera Mediaworks
,,"Law Offices of Ezra Spilke, PLLC"
,,Freelance Photo Editor
,,Xpand.io
,,magicJack
,,Sizmek
,,"Alchemic Solutions Group, Inc."
,,YuMe Networks
,,"comScore, Inc."
,,Clique Media Group/WhoWhatWear.com
,,Galvanize Inc
,,M&C Saatchi Mobile
,,Growth Capital Services (GCS)
,,Albright Stonebridge Group
,,Free Range Technology
,,Gradus
,,GroupM
,,"MindMeld, Inc."
,,SAGE Worldwide
,,Sourcepoint Technologies Inc
,,Sandstorm
,,Pillow Homes
,,Verve
,,"Gibson, Dunn & Crutcher LLP"
,,Liquid | Powered by PCH
,,Maker Studios Inc
,,Geektime
,,Columbia University in the City of New York
,,Future plc
,,AppNexus
,,Fox Television Group
,,The Dilenschneider Group
,,Bertelsmann Digital Media Investments
,,Sourced Adventures
,,
,,Verve Mobile
,,imgix
,,Motiv Inc
,,Aldebaran - Softbank Group
,,The Wireless Registry Inc.
,,Brands Up
,,Nokia Growth Partners
,,BBG Ventures
,,mCordis
,,pulseData
,,Shapiro Auctions
,,Pearson
,,Photomojo
,,The Gate NY
,,Opera Mediaworks
,,New York Media
,,Redpoint Ventures
,,Meet Boutique (???)
,,Privately-Held Media and Information Technology Company
,,"Daniel B. Swerdlin, Attorney at Law"
,,FreeWheel
,,Foursquare
,,MobileMoxie LLC. (Previously Rank-Mobile LLC)
,,EquityZen (Pre-IPO Investment Platform)
,,Shoes of Prey
,,HTC
,,AppNexus
,,Birchbox
,,Fluid Interaction
,,Cortina Productions
,,Guvera
,,Adelphic Mobile
,,Astrsk
,,KPMG
,,"Core Audience, Inc."
,,DocSend
,,MediaMath
,,PeekYou LLC
,,Backstage
,,My Home Office
,,Wells Fargo
,,Accountability Counsel
,,Ipsos
,,Opera Mediaworks
,,Noodle Education
,,Independent Consultant: Sotheby's & AARP
,,Talented Square Corporation
,,Haworth Marketing + Media
,,Real Business
,,Linden Lab
,,NTT DATA Americas
,,Johnson & Johnson
,,Bowery Capital
,,Vibes
,,Global Press Institute
,,The Wall Street Journal
,,LTI Worldwide Limo
,,BabyCenter
,,Amazon
,,"Bonaventure Equity, LLC"
,,Sawhorse Media
,,Thinknear by Telenav
,,AIG
,,InMobi
,,Women in Wireless
,,Andela
,,Consulate General of Finland in New York
,,ERJ Group
,,"NBCUniversal, Inc."
,,Twitter
,,Bloomberg LP
,,Merkley + Partners
,,Citadel LLC
,,Turner Broadcasting
,,Deloitte
,,Trendy New York
,,x.ai
,,"FDI Strategies, LLC"
,,VNG Corporation
,,JUICE Mobile
,,SpeakCode
,,Mediapost
,,Andela
,,Stereogum
,,TravelEnvy
,,Local Measure
,,SV Angel
,,Crisp Media
,,Fjuul Vision Oy
,,Lehman College
,,THINX
,,Bessemer Venture Partners
,,Symphony Commerce
,,MediaMath
,,Rebtel
,,Thi Linh Photography
,,Uber
,,Jaunt VR
,,Royal Jay
,,Cooley LLP
,,
,,The Collective Factory
,,Visa
,,Farallon Restaurant
,,Texas Exes
,,Meal Maison
,,Expedia CruiseShipCenters
,,General Assembly
,,GitHub
,,Tapad Inc
,,????
,,"Cadwalader, Wickersham & Taft LLP"
,,Christofferson Robb & Company
,,IAB
,,Avvo
,,"ADstruc, Inc."
,,"FiftyThree, Inc."
,,Cloudability
,,Alpha UX
,,Postmates
,,Twilio Inc.
,,www.calvinapp.com
,,"o9 Solutions, Inc."
,,Brickwork
,,GSV Asset Management
,,Mezic Media
,,Glassful
,,Concierge Auctions
,,FlyDrones
,,
,,Yellow Pages Group / Groupe Pages Jaunes Ð Canada
,,Betcade
,,MoLabs Inc.
,,Custora
,,Edelman
,,DePaul University
,,Yahoo
,,Cartuna
,,Young Gunner Films
,,Cleary Gottlieb Steen & Hamilton LLP
,,CORE40 Studios
,,Location Based Marketing Association
,,Barclays
,,Razorfish
,,Faculty of Applied Sciences - Simon Fraser University
,,Verifone
,,IVY
,,Microsoft
,,J. Walter Thompson Worldwide
,,"Kantan Games, Inc."
,,Orchard Platform
,,Interactive Brokers
,,Time Inc. UK
,,IBM
,,Salesforce
,,StartingBloc
,,General Assemb.ly
,,Sanoma
,,Applause
,,Google
,,Windforce Ventures
,,District M
,,Carmack AB
,,Zynga
,,Prairie City Bakery
,,Time Inc.
,,Turner Broadcasting System
,,IBL Sea Food Cluster
,,Bread Finance
,,Simplified Properties
,,
,,Crisp Media
,,Navigant
,,Yahoo! JAPAN
,,BlackRock
,,Bombora
,,Hubbl
,,Phoenix New Times
,,Pivotal Labs
,,New Narrative Ltd.
,,HelloBaytree
,,
,,Splash App
,,"PSF Founders Group, LLC"
,,Self Employed
,,ArchaicPost.com
,,Brady Corporation
,,
,,"Jones Lang LaSalle, New York"
,,Solstice Mobile
,,Digital Healthcare Startup
,,
,,MIT
,,SmugMug
,,"Fansmit, Inc."
,,Columbia University in the City of New York
,,UIEvolution
,,PP+K
,,LuxŽpolis
,,Google
,,Crisp Media
,,Quaid Media
,,FinTech Startup
,,MediaCom
,,YPO - Young Presidents' Organization
,,Saucey
,,AdMonsters
,,Advanced Rx Management
,,Marketing Network Consultants Ltd
,,"BDO USA, LLP"
,,Chinaccelerator
,,Grand Central Tech
,,R/GA
,,AppsFlyer
,,YeahMobi
,,"GameChanger Media, Inc."
,,TMM Industries
,,PEOPLE Magazine | PEOPLE.com
,,Uber Technologies
,,Sphericam
,,SNOWE
,,Hourglass Cosmetics
,,Australian Information Industry Association (AIIA)
,,MLB Advanced Media
,,Core Innovation Capital
,,General Assembly
,,Self Employed
,,Yieldmo
,,Morgan Stanley
,,Rabobank International
,,Fuqua School of Business
,,ISDA
,,Quaero
,,AdMarvel Inc.
,,The Magnet Agency
,,IAC
,,CoverWallet
,,
,,Hearst Magazines
,,Tuck School of Business at Dartmouth College
,,Sourceeasy
,,Oscar Insurance
,,TURNBULL AGENCY
,,"Markistry, LLC. - Bespoke Marketing Tailors"
,,AppNexus
,,Everlane
,,Freelance
,,Stirling Insurance Services LLC
,,Mobvista
,,Oscar Insurance
,,Wize Services
,,Techstars
,,Neo@Ogilvy
,,App Annie
,,Huge
,,SMART (Start Making A Reader Today)
,,
,,Startup Companies
,,Pylons
,,TechNode
,,Drip
,,"Vitamin T, a division of AQUENT"
,,Undertone
,,Fuse TV
,,Independent Curator
,,shopkick
,,Whitepages
,,Searchlight Inc.
,,
,,Google
,,www.Cognation.net
,,LUMA Partners LLC
,,Google
,,Linden Lab
,,Endure to Cure Pediatric Cancer Foundation
,,Crisp Media
,,AsiaTrust Capital
,,ACS
,,Jumpstart Foundry
,,BUILD
,,Munch Ado
,,Twitter
,,Paddy Power
,,Bletchley Park LLC
,,Apiary
,,General Assembly
,,Mattel
,,R/GA
,,dgroup
,,FundersDigest
,,The Trade Desk
,,"Button, Inc."
,,The Mobile Life
,,Google
,,Google
,,Space Exploration Technologies
,,ASL Marketing
,,Oracle Marketing Cloud - BlueKai
,,Palantir Technologies
,,General Assembly
,,Smart Walkie Talkie
,,JPMorgan Chase & Co.
,,Swably.com
,,The Edgewaterfunds Funds
,,Silicon Valley Bank
,,Unilever
,,Automattic
,,MEC
,,The Chaat Company
,,Jawbone
,,BBC News
,,Black Marketing - Enabling LinkedIn For You Across The World
,,"Kik Interactive, Inc."
,,Iponweb Japan
,,I Heart Keenwah
,,"Expedia, Inc."
,,Coursera
,,MACH37 Cyber Accelerator
,,advantEdge Partners
,,
,,Work & Company
,,Grey Healthcare Group
,,AdMaster Inc.
,,MIGHTY PR
,,Hotel Westminster
,,Shanghai Qibao Dwight High School
,,HappyFresh
,,Marvel
,,Vimeo
,,The Founder Institute
,,Cyanogen Inc
,,PSafe Tecnologia S/A
,,Jampp
,,CardFlight
,,Learning.ly from The Economist Group
,,Ignite by Adecco
,,Stealth Mode Startup
,,America Innovates
,,Time Inc.
,,Unigo Group
,,prudentialdouglaselliman
,,"Gimbal, Inc."
,,PicsArt Inc.
,,ICM Partners
,,Suncorp Group
,,
,,CMUNE
,,Nike
,,Oracle Data Cloud
,,Advance Local
,,Andela
,,Yahoo
,,"Nann & Associates, LLC"
,,Hook Mobile
,,Samsung Accelerator
,,Exponent
,,"The Weather Company, an IBM Business"
,,Independent Consulting
,,AccuWeather
,,TechCrunch
,,CrunchBase
,,Nanigans
,,Karma Science
,,LinkedIn
,,Sophisticated Weddings: New York Edition
,,Bloomerent
,,acuteIQ
,,Daily Racing Form
,,Texts.com
,,Pebble Code
,,iHeartMedia
,,DR.ZIPE - (Snow Goggles) www.DrZipe.com &
,,Tipjar
,,
,,Factual Inc
,,Microsoft
,,Siwenna Ventures
,,Teads.tv
,,Sourcepoint Technologies Inc
,,VentureOut
,,TriNet
,,S'well bottle
,,Edelman
,,WME Venture Partners
,,ROBOT COMMUNICATIONS INC.
,,Dstillery
,,ClearBridge Investments
,,United Nations OCHA
,,ERM: Environmental Resources Management
,,Strong-Bridge Consulting
,,Alison P Tugwell Inc.
,,Self employed
,,Gigaom
,,Ame Cloud Ventures
,,Amobee
,,Persado
,,Sailthru
,,Stack Overflow
,,General Assembly
,,Cloudera
,,"SavingStar, Inc."
,,Chicago Innovation Mentors
,,Daylight Labs
,,Payfone
,,Remitly
,,L-SPARK
,,Hotwire PR
,,SWARM NYC
,,SUSANCK
,,Digital Garage
,,Cleveland Browns
,,"Scoop Technologies, Inc."
,,BRUNNERWORKS / BHiveLab
,,Cowboy Ventures
,,ShareThis
,,TriNet
,,Bendigou Information Limited
,,Originate
,,GlobalDots
,,IAB
,,Investopedia
,,Candyspace Media
,,[Coming Soon]
,,The New School
,,serkoart¨
,,Redfish Technology
,,RRE Ventures
,,Pandora
,,Women Grow
,,Yahoo
,,Ludlow Ventures
,,Sally Hershberger Professional Hair Care
,,Elevate Capital
,,Fiverr (Fiverr.com)
,,Blue Apron
,,Oracle
,,McKinsey & Company
,,Lincoln Financial Group
,,Intel Corporation
,,"Digital Fusion, LLC"
,,BBC News
,,GE Healthcare
,,Financial Times
,,JPMorgan Chase
,,TechCrunch
,,"Hi-Tech Solutions, Inc."
,,
,,
,,Revel Talent
,,RotoQL
,,The Information
,,Appodeal
,,Signetique IT Pte Ltd
,,"Usablenet, Inc."
,,ClassPass
,,Intelliruption LLC
,,NY Observer (BetaBeat)
,,Prolific Interactive
,,Northern Trust
,,Business Insider
,,My Social Canvas
,,Level9 Advisors
,,Pressflex / Racery
,,Lutron Electronics
,,Crowdcentric
,,Financial Times
,,University of Chicago
,,Rise Interactive
,,Digiday
,,Seek Thermal
,,Free Agent....for now....
,,Mobile Marketing Association
,,Salisbury School
,,FYI Network (part of A&E)
,,Google
,,Fashion Is Your Business Podcast
,,Pritzker Group Venture Capital
,,
,,Starwood Hotels & Resorts
,,thoughtbot
,,Sales Development Meetup
,,Anheuser-Busch InBev
,,Google
,,"Neustar, Inc."
,,Facebook
,,BlackBerry
,,ibokanwisdom Inc.
,,
,,Razorfish
,,Vungle
,,Publicis Groupe
,,Multiple Startups
,,Zenjoy Limited
,,Chris Pfaff Tech Media LLC
,,Blue Man Group
,,Massive Clouds
,,Lake Placid Blues & Heritage Festival
,,Red Antler
,,Google
,,TriNet
,,Truly Wireless
,,Women in Wireless
,,Disney Parks and Resorts Digital
,,Cuckoos Nest Club
,,
,,Appboy
,,Venmo
,,The Founder Institute
,,Envirosell
,,"Aaron's, Inc"
,,Xaxis
,,Forever Sunny Foundation
,,McKinsey & Company
,,Big Mouth Records LLC
,,Crisp Media
,,AOL??????????????
,,"Valencia Media Group, LLC"
,,First Data Corporation
,,PlaceIQ
,,Shapiro+Raj/CarbonSix
,,Activision Blizzard
,,Bloomberg LP
,,Sears Holdings Corporation
,,Mobext (Havas Media Group)
,,eMentorConnect LLC
,,Simple Pair Design Group
,,
,,
,,City of New York
,,Jefferies
,,Gogobot
,,Arena Ventures
,,Bustle
,,MediaOne Partners (formerly Padula Recruiting)
,,The Huffington Post
,,SmartClick
,,Facebook
,,"One Drop, Informed Data Systems Inc."
,,Playbuzz
,,Koko
,,Venture For America
,,TBD
,,Temasys Communications
,,JOIN Capital
,,Google
,,Teach For America
,,Campbell Soup Company
,,Breakline Digital
,,The Economist Group
,,Modalyst
,,
,,Meetup
,,cybertecture.com
,,
,,Whisper App
,,Trulioo
,,Tremor Video
,,zeotap
,,
,,Salisbury Ventures
,,MobileFuse
,,Brinker International
,,Generali
,,Circle
,,SOURCEEASY
,,Thirty Labs Inc.
,,Nanigans
,,Fidelity International
,,Demandbase
,,AT&T
,,Emerging Practitioners in Philanthropy (EPIP)
,,Golub Capital
,,the Scaffold
,,RJMetrics
,,Locket (Acquired by Wish)
,,StartupBus
,,EY
,,Intel Corporation
,,Harbor City Harbor Gateway Chamber of Commerce
,,Kellett School - The British International School in Hong Kong
,,Tencent
,,LaunchSquad
,,MobPartner
,,MCG Associates
,,Industrious
,,"comScore, Inc."
,,Madhouse Inc.
,,Intralist
,,Morgan Stanley
,,"Gamblit Gaming, LLC"
,,Crisp Media
,,Square
,,Oracle
,,IAB
,,TechCrunch
,,V12 Group
,,Andela
,,Hulu
,,Tesloop
,,Google
,,"Success in Web, Inc."
,,"Shanghai Lemeng Tech (www.lemengtech.com, and owns www.helekang.com)"
,,Interactive Advertising Bureau
,,PocketMath
,,BeeswaxIO
,,Google
,,AdColony
,,Guy and the Blog
,,GetSet
,,Progistics Distribution
,,Criteo
,,Etsy
,,CEC-EPN Centro de Educaci—n Continua PolitŽcnica Nacional
,,Valassis
,,Infocomm Investments Pte Ltd
,,"Thubrikar Aortic Valve, Inc."
,,"Krux Digital, Inc."
,,Google
,,15Five
,,Loft9
,,Redpoint Ventures
,,CircleUp
,,Sketchfab
,,Stylisted
,,Unity Technologies
,,Panorama Education
,,BlisMedia
,,PHD
,,Dezign of Mine
,,PapayaMobile Inc.
,,Three Degrees (A WCG Company)
,,Coiney
,,Artsy
,,Sustainment
,,FounderMade
,,[L]earned Media
,,Princeton University
,,Old School Prints
,,Tribal Worldwide
,,SixThirty
,,First Access
,,
,,
,,NetApp
,,Grab
,,CBS Interactive
,,Flatiron Investors
,,Nylon Media
,,Early Growth Financial Services
,,Pandora
,,Jefferies & Company
,,Facebook
,,"Xcel Brands, Inc."
,,Curplated
,,Rainbow Child Care Center
,,Social Capital LP
,,orchrd consulting
,,BFD
,,IgnitionOne
,,Windlas Healthcare
,,Microsoft
,,Resource Avenue
,,BOLDstart Ventures
,,Direct Line Group
,,MediaVest
,,DataEngConf
,,enable2grow
,,Refinery29
,,TexTurner
,,MaiTai Global
,,Amazon
,,Crisp Media
,,
,,Mella Media
,,
,,Independent Technologist and Software Consultant
,,Freelance
,,Connecterra BV
,,USAA
,,Trademob
,,RUN
,,PayNearMe
,,Spongecell
,,Metropolitan Real Estate Equities
,,Earnest Inc.
,,
,,
,,Millennials in Travel
,,Olo
,,"Turner (formerly Turner Broadcasting System, Inc)"
,,Self-employed
,,NGUMA
,,Beeby Clark+Meyler
,,Counsyl
,,ClearFactr
,,Juventus Club Silicon Valley
,,KATALYST LIVE
,,Mast Mobile
,,Dolphin Browser
,,BTIG
,,Andela
,,Fjord
,,Tencent
,,Maxwell Forest
,,Quesnay Inc.
,,ATX Equation
,,O'Reilly Media
,,OpsYard Inc.
,,Canoe Ventures
,,dimoso
,,DigitasLBi
,,The Karen and Jackie Show
,,
,,Mondogoal Ltd.
,,Fabrice Grinda and Jose Marin Investments
,,Venturetec Accelerator
,,Innovid
,,Facebook
,,Rocket Fuel Inc.
,,GPShopper
,,SunTrust
,,Marketing Architects
,,Rocket Fuel Inc.
,,Grupo Garnier
,,Uber
,,BitFury Group Ltd
,,OpenTable
,,R/GA
,,??
,,OKpanda Inc.
,,Retailigence Corporation
,,Decision Resources Group
,,EDGE Edtech
,,Quattro Wireless
,,AOL
,,Translucent  Consultancy
,,Facebook
,,Adcade
,,Crisp Mobile
,,Annalect
,,Omny
,,TEDxBlackRockCity
,,Gilead Sciences
,,Rivet Logic Corporation
,,SHADOW | Community of Dreamers
,,Huge
,,The Boston Consulting Group
,,PulsePoint
,,The Priceline Group (NASDAQ: PCLN)
,,City of Chicago
,,D.A.CONSORTIUM
,,zeotap
,,University of Exeter
,,Blue Rain Media
,,"Parietal VR, Inc."
,,PubMatic Inc.
,,Dentsu Inc.
,,Andela
,,Buddha Belly Productions
,,Kynetic
,,Hot Ramen Digital (Berlin)
,,Canary (canary.is)
,,Mount Zion Health Fund
,,Tanooki Labs
,,SUPERGRAVITY Pictures
,,"AIG Asia Pacific Insurance Pte, Ltd"
,,"SQBlueSky, Inc."
,,AdMaster Inc.
,,
,,GENPACT
,,"MRI-The Boston Group, Inc."
,,MoreYellow
,,West-Ward Pharmaceuticals
,,Interchange Ltd
,,Scientific Revenue
,,Radius Global Market Research
,,Live Nation Entertainment
,,NetSuite
,,Business Insider
,,Startup Weekend
,,Femgineer
,,Georgian Co-Investment Fund
,,
,,Aharai! Follow me!
,,Aldebaran Robotics
,,AppLeap Inc.
,,Fast Company
,,Serafina Says Farm
,,Oro Bakery & Bar
,,Credits Blockchain
,,Bonial International Group
,,Johnson & Johnson
,,Havas Life Metro
,,Appboy
,,Oddo Sociedad de Valores
,,City University of New York
,,
,,Sitecore
,,RBC Capital Markets
,,Bank of America
,,FanDuel Inc.
,,Oracle
,,"Apsalar, Inc."
,,Cuebiq
,,Brand Innovators LLC
,,World Economic Forum
,,JPMorgan Chase
,,
,,Sourcepoint Technologies Inc
,,MapMotion KK
,,Rubicon Project
,,"ICX Media, Inc"
,,New York University
,,GeiserMaclang Marketing Communications Inc
,,PERCH.
,,General Assembly
,,Sidley Austin LLP
,,"Ibotta, Inc."
,,WTA
,,Palantir Technologies
,,Consultant / Freelance
,,"Falcon Expenses, Inc."
,,Anheuser-Busch InBev
,,Virtu Financial
,,X: The Moonshot Factory
,,Index Inc.
,,Forum Events Ltd
,,COWORKRS
,,TIA NOW
,,Helix Sleep
,,Gate Labs
,,General Assemb.ly
,,DoubleClick
,,"Digital Gurus | Digital Recruitment - London, Sydney, Dubai"
,,About.com
,,Placed
,,"Agent-cy Online Marketing, Inc"
,,Various clients
,,Vuframe
,,Impact Investment Partners
,,Team NEO
,,
,,Crisp Media
,,YAYME INC.
,,IBM Interactive Experience
,,Spotify
,,Publishers Clearing House
,,"Coursebase, Inc."
,,Eight Seven Capital
,,"Uber, Inc"
,,
,,Aperian Global
,,Dow Jones
,,Mike Weiser Music
,,KAX Media
,,Walmart
,,Consultant and Adviser
,,amorana.ch (Bluebox Shop AG)
,,McPherson Strategies
,,Shopal
,,Vertana Group LLC
,,IBM
,,"CoRise Co., LLC"
,,Quantcast
,,Spright inc
,,Liberty Ltd
,,"C.R. BARD, INC."
,,Roomi
,,Actis
,,Desktop Metal
,,IDG Enterprise
,,STAQ
,,Brave Software
,,
,,OpenWeatherMap
,,Viacom
,,Datavail
,,Stripe
,,Earthjustice
,,Vibes
,,IPG Media Lab
,,TransLink Capital
,,"BitGo, Inc."
,,Bango Inc.
,,Global Thematic Partners
,,IBM
,,Magzter
,,Kindly
,,"St. George's University, Grenada"
,,Palantir Technologies
,,???? zx-tour
,,Aarki
,,Capital One
,,TBWA\Chiat\Day
,,BuzzFeed
,,Independent Consultant
,,D.A.Consortium
,,GrandIntent
,,salisbury school
,,Homebrew (Seed Stage Venture Capital)
,,Tanzin Holdings LLC
,,Rallyverse
,,Cultivate Traction
,,"Estimote, Inc."
,,Tribeca Mobile Innovations
,,Frontier Health -
,,L. B. Strategy
,,Startup Grind
,,Mobile Marketing Association (MMA) Asia Pacific
,,RadiumOne
,,"Yale Entrepreneurial Institute, Yale University"
,,Huge
,,Blonk
,,Uber
,,
,,Knewton
,,"The Trade Desk, Inc."
,,McKesson
,,Innovid
,,A Book Apart
,,E Ink Corporation
,,LiveRamp
,,1776
,,
,,App Annie
,,CraftJack
,,ChargeSpot
,,FUNKE Digital TV Guide GmbH
,,Birchmere Ventures
,,
,,DealNet Capital (CNSX: DLS)
,,BMW Group
,,Obviously Social
,,University of Michigan Ross School of Business
,,Union Square Ventures
,,Woodstock Music Laboratory
,,Madhouse Inc.
,,Facebook
,,Google
,,The Weather Channel
,,Nanigans
,,Food-X
,,
,,BluWrap
,,OMD USA
,,AppNexus
,,R/GA
,,"comScore, Inc."
,,Hard Candy Shell
,,The Daily Show with Trevor Noah
,,JD.COM
,,Index Ventures
,,Huzzapp
,,Salisbury School
,,Hawkins New York
,,"SharpHat, Inc."
,,growthhacked
,,Execution Labs
,,my6sense
,,Quantcast
,,Tactivate
,,New York University
,,CustomInk
,,Snapfish
,,Testin
,,Delorean Labs
,,Intel Corporation
,,User Interviews
,,The University of Melbourne
,,Hyde Park Angels
,,Amusemi
,,Understood.org
,,TechList
,,General Assemb.ly
,,Various
,,UNITED
,,Havas Worldwide
,,Matchfire Co.
,,SSM Health
,,SCA
,,General Assembly
,,Independent
,,"Olapic, Inc."
,,Microsoft
,,Women Developers
,,"Conversant, LLC"
,,Gartner
,,mCordis
,,Newsday Media Group
,,Gaia Real Estate
,,Princeton Ventures
,,Crisp Wireless
,,PlaceInvaders
,,Forrester
,,500 Startups
,,Project Gigit Inc.
,,Facebook
,,Amazon Web Services
,,Cambrian Innovation Inc
,,Drizly
,,Kellogg School of Management
,,Bon Appetit
,,"Select Equity Group, Inc."
,,Health Talks Online
,,Operative
,,Shapeways
,,"ZGT,LLC"
,,"HT Design Studio, LLC"
,,Techstars
,,Speakr
,,StreamLoan
,,General Assembly
,,TigerLaunch Startup Competition
,,KUAF 91.3 Public Radio
,,Microsoft
,,Monotype Imaging
,,AKQA
,,datech.cc
,,VivaKi Starcom MediaVest Group
,,Tech in Asia (YC W15)
,,Vserv
,,e-Academy
,,TINYpulse
,,The New York Times
,,Hearshot Inc.
,,Robert Half
,,Patient Possible
,,
,,Lyft
,,Flex & Flow
,,RevTrax
,,AOL Platforms
,,Explain Everything
,,
,,PrefTV
,,DC Setlist
,,InVisionApp Inc
,,Ipsos
,,
,,The Weather Network
,,LiveRamp
,,BD Cooking Co.
,,Government of Singapore Investment Corporation
,,Douglas Elliman Real Estate
,,Saatchi & Saatchi
,,WISE PR
,,Norwest Venture Partners
,,AOL Platforms
,,Cheddar Inc.
,,Method Savvy
,,Ad Council
,,Academy of Art University
,,DC Comics
,,Zola.com
,,MediaMath
,,Atom Factory Inc.
,,Keen IO
,,H-FARM
,,"PHT International, Inc."
,,Skyhook Wireless
,,Hullabalu
,,"CyberAgent America,Inc."
,,
,,Mixcloud
,,Bellhop
,,
,,mediba
,,Titan Broadcast Management
,,SG & Co
,,Union + Webster
,,Gin Lane Media
,,Informa Exhibitions
,,Global Garage
,,Bosch Communications Systems
,,"Gravitater, Inc."
,,Google
,,Bolt Energias
,,ClearFactr
,,LiquidM
,,Nanigans
,,KFWilliams Contracting LLC
,,Galvanize
,,Nexage
,,DataXu
,,Droidcon NYC
,,Sharebot Deutschland
,,Huge
,,WeWork
,,SAY Media
,,Experian
,,Airbnb
,,Charlton Media Group
,,Andela
,,Siberia.
,,Caarbon Corp.
,,Bluegreen Vacations
,,PocketMath
,,pipelinetorque
,,Keen Home
,,Facebook
,,Cleeng
,,Horizon Media
,,GWC Inc
,,Zuma Ventures
,,SeatGeek
,,Geofeedia
,,Frederick-Firestone Fire Protection District
,,Air Canada
,,Whisper
,,People For the American Way
,,Theorem
,,Silicon Valley Software Group
,,Yodo1
,,Slush
,,Amazon
,,Amazon
,,Blue Chip Marketing Worldwide
,,Formula Social
,,D.A.Consortium Inc.
,,Omnitracs
,,Beacon Light Advisors LLC
,,Technode.com
,,BBC Global News Ltd
,,Crisp Media
,,JPMorgan Chase & Co.
,,Human Ventures
,,Grow Digital LLC
,,
,,General Assemb.ly
,,New Frontier Nomads
,,Moocall
,,
,,ExpertMaker
,,Adobe
,,Patch.com
,,Dun and Bradstreet
,,Freespee
,,Shopbeam
,,JPMorgan Chase
,,JPMorgan
,,About.com
,,"Celtra, Inc."
,,Madison Alley Global Ventures
,,Weather.com
,,Johns Hopkins School of Advanced International Studies
,,Brunswick Group
,,Hotwire PR
,,Syracuse University Men's Hockey - ACHA Division I
,,Sequoia Capital
,,Flipkart
,,Omnifi Ltd
,,Upstream
,,ReFUEL4
,,Wayra
,,Slow Boat Brewery
,,Geoffrey Ellis Photography
,,"SES Media Group, Inc"
,,Multiple/Confidential
,,Light Reaction
,,"Kabbage, Inc"
,,SoundHound
,,neuehouse
,,GLG
,,Addroid
,,Harvard University
,,Vringo
,,Experian Consumer Services
,,Credit Suisse
,,CBS Interactive
,,Lionheart Software
,,3Pillar Global
,,MIGHTY PR
,,The Economist
,,CêVICO
,,Medical Knowledge Group
,,Shazam
,,Vicarious Partners
,,Vidiense
,,"Estimote, Inc."
,,Vnicorn
,,Tumblr
,,Freelance
,,YouAppi
,,YourStory Media
,,DoubleVerify
,,engage:BDR
,,Massachusetts Institute of Technology (MIT)
,,Barclays Capital
,,Macy's
,,Perfect  World Pictures
,,Amazon Japan
,,Prospect Capital Management
,,AdMaster Inc.
,,
,,FMNews
,,Fetch
,,Filipino American Museum (FAM)
,,Andela
,,Simpli.fi
,,General Assembly
,,MediaCom
,,The Kids Passport
,,
,,White & Case LLP
,,MedDesk
,,Consulting
,,Guangzhou Radio Group
,,IAB UK
,,Herio Capital
,,App Annie
,,ThoughtWorks
,,Sopra Steria
,,D. E. Shaw & Co.
,,Etsy
,,Intuit
,,The Accomplished Traveler
,,Vungle
,,Edelman
,,SQAD LLC
,,National Association of Attorneys General
,,Bounce Exchange
,,Chinaccelerator
,,Rhapsody International
,,MIT Sloan School of Management
,,PubMatic
,,House of Generations
,,YP
,,
,,PubMatic
,,GroupM
,,CH2M
,,Xaxis
,,FunnelFire
,,Founders Network
,,ADT
,,Stained Glass Labs
,,"O'Melveny & Myers, LLP, Shanghai"
,,IDT Corporation
,,Amazon
,,Lyft
,,
,,Brew Media Relations
,,Techstars
,,iCrossing
,,Facebook
,,Wheelhouse.io
,,
,,Bark & Co.
,,Gartner
,,"Strategic Growth Partners, Inc."
,,Carousell
,,Location Labs (formerly WaveMarket)
,,Various Conferences
,,Purch
,,Morningstar
,,ADP
,,Catalina Marketing
,,Spacequant
,,BuzzCity Pte Ltd
,,(MaGIC) Malaysian Global Innovation & Creativity Centre
,,Appboy
,,The Boston Consulting Group
,,Videopath
,,Coming Soon?
,,"FulcrumTech, LLC"
,,Vibes
,,Eventbrite
