Safire Partners,32877,safire.la,"{:alexa=>100000000000000, :moz=>0}",-9,Safire Partners
hackhands,200462,hackhands.com,"{:alexa=>80194, :moz=>5}",523,HackHands
MOVE Systems,11073838,movesystems.com,"{:alexa=>7708280, :moz=>0}",-67,MOVE Systems
Movement Systems,10602218,movementsystems.org,"{:alexa=>100000000000000, :moz=>4}",,MOVE Systems
MoveeCom Systems,10456252,moveecom.com,"{:alexa=>100000000000000, :moz=>0}",,MOVE Systems
CoreVYO Movement Systems,285152,corevyo.com,"{:alexa=>100000000000000, :moz=>0}",3,MOVE Systems
Salesforce,24774,salesforce.com,"{:alexa=>187, :moz=>6}",0,salesforce.com
Salesforce Ventures,23525,salesforce.com,"{:alexa=>187, :moz=>6}",0,salesforce.com
salesforceiq.com,11149414,salesforceiq.com,"{:alexa=>23862, :moz=>0}",1315,salesforce.com
salesforcemarketingcloud.com,11201817,salesforcemarketingcloud.com,"{:alexa=>270084, :moz=>4}",613,salesforce.com
Sales Force Europe,81423,salesforceeurope.com,"{:alexa=>2730529, :moz=>0}",47,salesforce.com
Sales Force Recruitment,10335181,salesforcejobs.com.au,"{:alexa=>6399367, :moz=>3}",39,salesforce.com
SaaS Solutions - salesforce.com Certified Partner,10368989,mysalesforcecrm.com,"{:alexa=>7007474, :moz=>4}",-1,salesforce.com
Sales Force Dynamics,10448144,salesforcedynamics.com,"{:alexa=>22035366, :moz=>0}",0,salesforce.com
Salesforce Assessments,60905,salesforceassessments.com,"{:alexa=>100000000000000, :moz=>4}",-5,salesforce.com
SalesforceCAD,43239,salesforcecad.com,"{:alexa=>100000000000000, :moz=>0}",0,salesforce.com
The SalesForce Group,10602398,thesalesforcegroup.com,"{:alexa=>100000000000000, :moz=>0}",,salesforce.com
Sales Force Safety Pty Ltd,10449740,salesforcesafety.com,"{:alexa=>100000000000000, :moz=>0}",-4,salesforce.com
SalesForceXP,10808905,salesforcexp.com,"{:alexa=>100000000000000, :moz=>0}",,salesforce.com
AppBuddy,10537830,salesforceappbuddy.com,"{:alexa=>100000000000000, :moz=>0}",5,salesforce.com
Salesforce Mentor,10765491,salesforcementor.com,"{:alexa=>100000000000000, :moz=>0}",,salesforce.com
"SalesForce Recruiters, Inc.",10140170,salesforcerecruiters.com,"{:alexa=>100000000000000, :moz=>0}",20,salesforce.com
Sales Force Latianamerica Ltda.,10723349,salesforcela.com,"{:alexa=>100000000000000, :moz=>0}",0,salesforce.com
2U,18916,2u.com,"{:alexa=>174857, :moz=>6}",178,2U
2Ultra Marketing,10960625,2ultra.com,"{:alexa=>5088158, :moz=>4}",17,2U
Promo 2U,10831135,promo2u.com.au,"{:alexa=>5285014, :moz=>0}",0,2U
2up.es,10028880,2up.es,"{:alexa=>5908606, :moz=>3}",-18,2U
2U Laundry,11249927,2ulaundry.com,"{:alexa=>11828534, :moz=>0}",,2U
2up Mobile,10399739,2upmobile.com,"{:alexa=>15459357, :moz=>5}",2,2U
me-2u.com,10935152,me-2u.com,"{:alexa=>20873732, :moz=>3}",-100,2U
2UTVAds,10919980,2utvads.com,"{:alexa=>21074150, :moz=>0}",0,2U
A Song 2u,98447,asong2u.com,"{:alexa=>100000000000000, :moz=>7}",-14,2U
Nu 2U PC,10301083,nu2upc.com,"{:alexa=>100000000000000, :moz=>3}",-11,2U
BeanCounters 2U Pty Ltd,10731156,beancounters2u.com.au,"{:alexa=>100000000000000, :moz=>0}",-31,2U
2uo Imagina y Crea,10374061,2uo.mx,"{:alexa=>100000000000000, :moz=>0}",,2U
2U Business Consulting,10290399,2ubconsulting.com,"{:alexa=>100000000000000, :moz=>0}",-6,2U
Chiropractic 2U,10849811,chiropractic2u.co.uk,"{:alexa=>100000000000000, :moz=>0}",,2U
2 under entertainment,940,2underentertainment.com,"{:alexa=>100000000000000, :moz=>0}",-20,2U
TUIUIU,10763961,2u-u.com,"{:alexa=>100000000000000, :moz=>0}",,2U
Sabbatical / Extended Leave,10684964,2unowtechnologies.com,"{:alexa=>100000000000000, :moz=>0}",,2U
2U Group Portugal;2U Group Mozambique;Purple Cow,10684499,2ugroup.co.mz,"{:alexa=>100000000000000, :moz=>0}",,2U
Happy Cleaners 2U,10401608,happycleanersplymouth.co.uk,"{:alexa=>100000000000000, :moz=>0}",,2U
