https://en.wikipedia.org/wiki/1776,"1776 - Wikipedia, the free encyclopedia"
http://www.foodwhat.org/,"&quot;FOOD, WHAT?!&quot;"
http://www.cotuitcenterforthearts.org/experience-art/2016-season-announcement/,2016 Season | Experience Art - Cotuit Center For The Arts
http://www.jessicasimko.com/book/,Buy the Book! | Jessica Simko | Conscious Career Intelligence
http://optimine.com/,OptiMine Software: Agile Marketing Measurement and Optimization
http://www.100resilientcities.org/,100 Resilient Cities – Pioneered by The Rockefeller Foundation
http://www.11thstworkshop.com/,11th St Workshop set design and fabrication
http://www.2minutemedicine.com/,2 Minute Medicine | Concise. Curated. Medical News.
http://www.21stcenturyedu.com/,| 21st Century Education
http://www.goodlifebrewing.com/beers/,Bend Beer - GoodLife Brewing
http://2u.com/,2U.com
http://2u.com/,2U.com
http://2u.com/,2U.com
http://2u.com/,2U.com
http://2u.com/about/partners/simmonsmsw/,SocialWork@Simmons logo - 2U.com
http://32advisors.com/,32 Advisors - Trusted Advice for Growth Beyond Borders.
http://www.ghs.org/healthcareservices/primary-care/urgent-care/md360,MD360 Convenient Care - Greenville Health System
http://www.hittinguru.com/,Hittinguru 3D - 3D Video Baseball &amp; Softball Swing Analysis ...
http://www.3dsystems.com/,"3D Systems: Rapid Prototyping, Advance Digital Manufacturing, 3D ..."
http://www.3dshook.com/,3DShook
https://451research.com/,Analyzing the Business of IT Enterprise Innovation - 451 Research ...
https://soundcloud.com/dj4b,DJ 4B | Free Listening on SoundCloud
http://www.houzz.com/pro/michaeljleone/fifth-avenue-closet-llc,"Fifth Avenue Closet, LLC - Staten Island, NY, US 10307"
http://www.5x5media.tv/,5x5 Media
http://www.adb.org/sites/default/files/evaluation-document/35601/files/32238-nep-validation.pdf,Nepal: Governance Reform Program - Asian Development Bank
https://www.agiainc.com/,A.G. Insurance Agencies
http://www.armaniexchange.com/,Designer Clothing at Armani Exchange
http://www.povertyactionlab.org/,The Abdul Latif Jameel Poverty Action Lab
http://www.fosterdogfilm.com/cast-character-voice-actors.html,Cast: Character Voice Actors - Foster Dog
http://www.manta.com/c/mtqf0x9/abm-enterprise-nj-inc,Abm Enterprise Nj Inc - Manta
https://www.abnamro.com/en/footer/imprint.html,Colophon - ABN AMRO Group
http://www.about.com/,About.com
http://iac.com/about/overview,About IAC - Overview | IAC
http://abtassociates.com/AbtAssociates/files/d7/d77c5b67-81df-42ab-8caa-e4d20189a3c9.pdf,Partnership for Transforming Health Systems 2 - Abt Associates
http://www.nigerianbottlingcompanyltd.com/Aboutus/Production/Plants/,Nigerian Bottling Company Ltd - English - Plants
http://www.acacianetwork.org/,Acacia Network
http://accelentinc.com/,"Accelent Inc.: Talent Integration, Accelerated."
http://www.accelerance.com/,Accelerance | Outsource Software Development
http://www.accelfoods.com/,AccelFoods
https://www.accenture.com/us-en/interactive-index.aspx,Accenture Interactive - Accenture
https://www.accessbankplc.com/branch-locator?resetfilters=0&clearordering=0&clearfilters=0&limitstart31=120,5 - Welcome to Access Bank Plc Nigeria - Access Bank
http://www.accotinkuuc.org/,Accotink Unitarian Universalist Church - AUUC - Home Page
http://acdivoca.org/,ACDI/VOCA
https://acell.com/,ACell
http://www.acmebusinessconsulting.com/,ACME Business Consulting: Business Solutions
http://www.acornfs.com/,Acorn Financial Services
http://acornpetroleum.com/,Acorn Petroleum PLC
https://en.wikipedia.org/wiki/Acronym,"Acronym - Wikipedia, the free encyclopedia"
http://actcapitaladvisors.com/,ACT Capital Advisors: Buying and Selling Businesses in Seattle ...
http://www.actavis.us/,"Actavis - a global, integrated specialty pharmaceutical company ..."
http://www.themailbusiness.com/,Direct Mail Marketing San Diego | Action MailAction Mail | Direct ...
http://www.act.is/,​Actis | Home
https://www.act-on.com/,Act-On: Marketing Automation and Email Marketing
http://acumen.org/,Acumen is a Bold New Way of Tackling Poverty
http://acumen.org/,Acumen is a Bold New Way of Tackling Poverty
http://www.acumentrics.com/,Acumentrics Corporation
http://www.adaptationsaloha.com/,"Adaptations, Inc."
http://www.adaptiveinsights.com/,Adaptive Insights
http://www.addictinggames.com/,Games - Free Online Games at Addicting Games!
http://www.kununu.com/de/all/de/tk/addon-marketing-services,Addon Marketing Services GmbH - Kununu
http://www.adeccousa.com/,Adecco Staffing Agency - Permanent Staffing and Temp Agencies ...
http://www.adma-opco.com/,ADMA-OPCO | Home
http://www.icfi.com/global/privacy-policy,Website Privacy Policy » ICF Intl
http://www.adoreme.com/,Adore Me - The New Face of Lingerie
https://www.glassdoor.com/Interview/ADP-RPO-Interview-Questions-E241597.htm,ADP RPO Interview Questions | Glassdoor
http://www.adriannapapell.com/,"Adrianna Papell | Evening Gowns, Wedding Dresses, Shoes &amp; Clothes"
http://www.avpgrowth.com/,Advance Vixeid Partners
http://advancedfinish.com/,Advanced Finishing Technologies - 21st Century Processing ...
http://www.acpny.com/,AdvantageCare Physicians: Primary Care Doctors &amp; Specialists in ...
http://www.adventinternational.com/,Advent International
https://www.advertise.com/,Advertise.com | Online Advertising Network | Ad Network
http://www.advertiserperceptions.com/,Advertiser Perceptions
http://liberalarts.oregonstate.edu/school-arts-and-communication/new-media-communications,New Media Communications | College of Liberal Arts | Oregon State ...
http://www.aew.com/,AEW Capital Management
http://www.cre.vc/,CRE Venture Capital
http://africandigitalart.com/,AFRICAN DIGITAL ART | Pushing Digital Boundaries
http://dschool.co.ke/,Africa Digital Learning Academy | dschool
http://www.africafc.org/,Africa Finance Corporation
http://www.theafricaproject.com/,The Africa Project | Charitable | Volunteer | NGO | NPO | Helping ...
https://www.hrw.org/about/careers/middle-east-and-north-africa-intern,MIDDLE EAST AND NORTH AFRICA INTERN | Human Rights Watch
http://www.africapractice.com/,Africa Practice
http://www.afterthebarn.com/,After the Barn
http://afterwire.com.au/,"Afterwire | Technical Marketing, Analytics, SEO &amp; CRO"
http://www.threepoint-consulting.com/,Three Point Consulting - Home Page
http://www.thruhealth.com/,Thruhealth
https://www.thumbtack.com/,Thumbtack - Accomplish your personal projects
https://www.kimptonhotels.com/stay/tideline-ocean-resort-spa-palm-beach-fl,Tideline Ocean Resort &amp; Spa - Palm Beach - Kimpton Hotels
http://www.timberridgecraftsmen.com/,"Timber Ridge Craftsmen, Inc."
http://www.timeinc.com/,TimeInc.com Official Website|home
http://www.timewarnercable.com/en/our-company/leadership/overview/gail-g-macKinnon.html,EVP Gail. G. MacKinnon | Time Warner Cable
http://tipsolutions.com/,TIP Solutions Inc. - An Answer For Every Call
http://tiptoporganizing.com/,Tip Top Organizing | South Florida Professional Organizer
http://www.tishman.com/,Tishman | Hotels | Realty | Real Estate Services | Home
http://www.tishmanspeyer.com/,Tishman Speyer | Commercial Real Estate
https://tixie.com/,Tixie: Home Page
http://www.tke.org/foundation,Tau Kappa Epsilon Fraternity :: Educational Foundation
http://www.tm3systems.com/,TM3 Systems
http://www.yelp.com/biz/tmak-artistry-fairfax,"Tmak Artistry - 46 Photos - Makeup Artists - Fairfax, VA - Reviews ..."
https://www.tmbbank.com/en/contact/form,Contact Us - TMB Bank Public Company Limited
http://www.tmnas.com/,"TMNA Services, LLC"
http://www.t-mobile.com/,T-Mobile: Cell Phones | 4G Phones | iPhone and Android Phones
https://www.tmx.com/,Toronto Stock Exchange (TMX Group)
http://www.thetofusan.com/,TOFUSAN : Premium Soymilk Products
https://www.tollbrothers.com/,Toll Brothers - America&#39;s Luxury Homebuilder
http://www.tom-bradley.com/,TOM BRADLEY: Photographer
http://www.trschools.com/,Toms River Regional Schools :: Home
http://www.toner-plastics.com/about-us.html,"About Us - Toner Plastics, Inc."
http://toplinegamelabs.com/,"TopLine Game Labs: Custom Social, Mobile, and Casual Game ..."
http://toteinc.com/companies/tote-shipholdings/,TOTE Shipholdings | TOTE Inc.
http://www.touchstone-editing.com/,TOUCHSTONE EDITING
http://www.tourhotel.gr/,Tour Hotels Athens Greece | City Break Hotels Accommodation Athens
http://www1.toutapp.com/,"ToutApp - Sales Email Tracking, Templates and Analytics"
https://www.towerswatson.com/,"Towers Watson: Employee Benefits, HR Consulting, Risk ..."
http://www.townrealestate.com/,"NYC Real Estate, Properties &amp; Apartments - TOWN Residential"
http://www.tracx.com/,Tracx: Social Media Management Platform
https://www.tradegecko.com/,TradeGecko: Inventory Management Software
https://www.tradegecko.com/,TradeGecko: Inventory Management Software
https://www.tradesy.com/,"Tradesy | Buy &amp; Sell Bags, Shoes, Clothes | Buy &amp; Sell Wedding ..."
http://ocw.mit.edu/courses/civil-and-environmental-engineering/1-201j-transportation-systems-analysis-demand-and-economics-fall-2008/lecture-notes/MIT1_201JF08_lec06.pdf,Freight demand
https://www.transformativemed.com/,TransformativeMed - Health Apps Made Smart™
http://www.deepwater.com/,Transocean
http://www.trantololaw.com/,Trantolo and Trantolo: Connecticut Attorney | Personal Injury Lawyer ...
http://www.travantcapital.com/,Travant Capital
http://www.travelclick.com/,TravelClick | Hospitality Industry Revenue Generating Solutions
http://www.travelclick.com/,TravelClick | Hospitality Industry Revenue Generating Solutions
http://www.travelclick.com/,TravelClick | Hospitality Industry Revenue Generating Solutions
https://www.travelers.com/business-insurance/surety-bonds/contract-surety.aspx,Contract Surety | Bond &amp; Specialty Insurance | Travelers Insurance
https://www.travelport.com/,Travelport is a Leading Travel Commerce Platform
http://www.traxys.com/,Traxys
http://trestlecustomhomes.com/,Trestle Custom Homes — The HeART of Custom Home Design
http://tribecacitizen.com/2015/05/01/spotlight-tribeca-upholstery-draperies/,Tribeca Citizen | Spotlight: Tribeca Upholstery &amp; Draperies
http://tricancontract.com/,Tri-Can Contract Inc. | A Legacy of Innovation
http://trichord-inc.com/,Trichord Incorporated
http://www.trinityriverenergy.com/,Trinity River Energy | Oil &amp; Gas Exploration and Production
http://www.triplepundit.com/,TriplePundit: Reporting on the Triple Bottom Line &amp; Sustainable ...
http://www.triplepointcapital.com/,TriplePoint Capital - Welcome to the Frontpage
http://www.tritiumpartners.com/,Tritium Partners: Homepage
https://www.truecar.com/,TrueCar | Never overpay. Hassle-free car buying from TrueCar ...
https://trussle.com/,Trussle - the simpler way to get a mortgage
https://www.trustpilot.com/,Trustpilot - Experience the power of customer reviews
http://truveris.com/,TRUVERIS – Technology and analytics for the prescription drug ...
http://www.tsa-solutions.com/,TSA Solutions: Front Desk Upselling for Hotels
https://tuneteams.com/,tuneteams
http://www.turkcell.com.tr/,TURKCELL
http://www.turner.com/,Turner Broadcasting
http://www.turner.com/,Turner Broadcasting
http://www.turner.com/,Turner Broadcasting
http://www.turner.com/,Turner Broadcasting
http://www.turner.com/,Turner Broadcasting
http://www.turner.com/,Turner Company
http://www.twaweza.org/,Twaweza.org
http://www.twistfilm.com/,Twist: Home
http://www.twobridges.org/,Two Bridges Neighborhood Council - home
https://www.twobrightlights.com/,Two Bright Lights
http://www.txs.de/,TXS: Start
https://www.typesafe.com/,Build Reactive Applications on the JVM | @typesafe
https://www.usbank.com/,U.S. Bank Online Banking - Personal Banking | Loans and Credit ...
https://www.uscg.mil/,US Coast Guard Homec
https://www.cadc.uscourts.gov/,U.S. Court of Appeals - D.C. Circuit - Home
http://www.justice.gov/atr,Antitrust Division | Department of Justice - US Department of Justice
http://www.dol.gov/,U.S. Department of Labor
http://www.state.gov/p/af/,Bureau of African Affairs (AF) - US Department of State
http://www.state.gov/s/partnerships/,The Secretary&#39;s Office of Global Partnerships - US Department of State
https://www.treasury.gov/,U.S. Department of the Treasury
http://www.bbb.org/charlotte/business-reviews/unclaimed-funds-retrieval-services/us-financial-funding-in-charlotte-nc-231023,"U.S. Financial Funding, LLC - Better Business Bureau"
http://www.gao.gov/,U.S. Government Accountability Office (U.S. GAO)
http://edworkforce.house.gov/,Education &amp; The Workforce - U.S. House of Representatives
https://www.uber.com/,Uber - Sign up to drive or click and ride
http://economics.ucdavis.edu/,"Discover Economics — economics - the University of California, Davis"
https://uci.edu/,Home | UCI
https://ucsd.edu/,"University of California, San Diego"
http://www.lsu.edu/universitycollege/ucac/,Center for Advising and Counseling - Louisiana State University
http://uceda.org/,UCEDA INSTITUTE | Learn English in the USA — ESL Classes in ...
https://medschool.ucsf.edu/,"UCSF School of Medicine - University of California, San Francisco"
http://www.uct.ac.za/,University of Cape Town / Welcome to UCT online
